like1,paralpha_bf,parbf_max,pardep_bot,pardep_wt,parflo_dist,parflo_min,pargw_flo,parno3_n,parrchg_dp,parrevap,parrevap_min,parspec_yld,parhl_no3n,parcn_a,parcn_b,parcn_c,parcn_d,parcan_max,parcn3_swf,parepco,paresco,parlat_ttime,parlatq_co,parperco,parpet_co,parexp_co,parfr_hum_act,parhum_c_n,parnitrate,parovn,pardenit_exp,pardenit_frac,parevap_adj,parlai_noevap,parmsk_co1,parmsk_co2,parmsk_x,parn_fix_max,parn_perc,parn_uptake,parnperco_lchtile,parorgn_min,parrsd_cover,parrsd_decay,parrsd_decomp,parscoef,parsurq_exp,parsurq_lag,parsw_init,parcov50,parfall_tmp,parmelt_max_min,parmelt_tmp,parsnow_h2o,parsnow_init,partmp_lag,pardist,pardp,pardrain,parlag,parlat_kast,parpump,parrad,part_fc,parfert,parrsd_init,parawc,parsoil_k,simulation_0,simulation_1,simulation_2,simulation_3,simulation_4,simulation_5,simulation_6,simulation_7,simulation_8,simulation_9,simulation_10,simulation_11,simulation_12,simulation_13,simulation_14,simulation_15,simulation_16,simulation_17,simulation_18,simulation_19,simulation_20,simulation_21,simulation_22,simulation_23,simulation_24,simulation_25,simulation_26,simulation_27,simulation_28,simulation_29,simulation_30,simulation_31,simulation_32,simulation_33,simulation_34,simulation_35,chain
19928.672,0.538887,1.7456695,1.8187635,5.5443845,152.06903,16.797573,0.047413692,148.97484,0.024117744,0.056278653,44.799843,0.18612577,101.68734,66.1349,67.870834,78.82084,86.61563,25.167,0.4803629,0.3276419,0.9630211,67.296326,0.2024304,0.32636046,1.2501222,0.5110075,0.426493,8.388075,37.317074,0.48516467,0.54748356,0.24344394,0.82313466,7.1706877,7.081832,4.5305166,0.2251148,11.087746,0.8628271,97.43305,0.8953241,0.0020539,0.24939805,0.030101174,0.086307146,0.8627825,1.4022084,19.7586,0.3504586,0.28753603,4.226289,7.514204,-4.7347136,301.39688,363.55243,0.18184428,10475.3955,266.09824,32.772182,65.300835,0.2633023,2.0169265,31.764853,95.79054,355.9351,8147.833,0.35031715,1501.4205,0.0,0.0,0.0,0.0,0.0,0.0,0.0,0.0,0.0,0.0,0.0,0.0,0.0,0.0,0.0,0.0,0.0,0.0,0.0,0.0,0.0,0.0,0.0,0.0,0.0,0.0,0.0,0.0,0.0,0.0,0.0,0.0,0.0,0.0,0.0,0.0,1.0
19928.672,0.688194,1.1569259,5.295602,7.2964754,196.34917,13.642947,0.8822072,933.5409,0.2706151,0.18128788,49.951748,0.49087486,131.58437,58.34051,76.39645,75.36306,88.447685,64.687775,0.67839515,0.41349146,0.8728714,170.891,0.2113648,0.807043,1.1345279,0.5555127,0.37195373,11.99614,11.817587,0.6874245,0.13221303,0.9493359,0.54153603,6.086469,4.413277,2.370614,0.21591306,1.3197895,0.7892325,38.070755,0.64688486,0.0024158554,0.34120822,0.02988532,0.09218914,0.6605925,1.3137934,19.271488,0.7502576,0.07087472,-0.7372598,6.470038,0.5675279,299.23163,916.83984,0.1349736,29077.688,196.90117,21.089708,59.72762,0.891105,3.2574492,28.161146,1.6111561,9.614319,5971.057,0.77678025,1792.6273,0.0,0.0,0.0,0.0,0.0,0.0,0.0,0.0,0.0,0.0,0.0,0.0,0.0,0.0,0.0,0.0,0.0,0.0,0.0,0.0,0.0,0.0,0.0,0.0,0.0,0.0,0.0,0.0,0.0,0.0,0.0,0.0,0.0,0.0,0.0,0.0,1.0
935657.7,0.2505782,0.048302215,7.303831,6.908218,72.584305,27.843418,1.8984859,200.34158,0.47286856,0.10308955,1.1850395,0.29052508,95.80082,56.443924,72.461845,82.52104,83.01656,27.183706,0.16158737,0.65408427,0.44151893,19.84549,0.5046139,0.22132398,0.845942,0.8591463,0.21034741,9.734589,35.098385,0.3938171,0.8132878,0.8730097,0.6120198,1.3451346,4.529476,1.2855474,0.05337295,4.487014,0.34974867,89.52117,0.44185874,0.0018412462,0.18481134,0.04575748,0.03031253,0.45248732,1.2989272,20.305677,0.5813939,0.4847207,1.9103945,7.2396154,-4.0027227,213.83022,301.73087,0.47236285,26860.953,473.01938,27.779537,64.62543,0.4722808,5.548595,12.289177,51.097324,220.50603,3492.6426,0.72348756,1581.0383,746173.2,591989.44,4211727.0,3567889.8,767927.5,190350.3,40426.777,5529.223,2447.361,1631.574,315165.72,400642.06,270478.72,54113.87,51666.51,114210.18,106868.09,63087.527,37526.203,5257.294,1631.574,815.787,1178.359,3807.006,22207.535,11239.732,19397.602,20394.676,4441.507,1812.86,271.929,90.643,0.0,90.643,543.858,2084.789,1.0
1667492.0,0.96300584,1.4478176,6.60542,4.519438,54.141373,30.166151,1.4170897,470.8441,0.43352795,0.071152814,2.836032,0.11032376,179.77853,48.921967,62.002567,79.46098,81.91965,97.43568,0.062858365,0.7088449,0.4019342,27.377195,0.010652968,0.2022373,0.98924613,0.7893742,0.28395754,11.318654,29.635109,0.6993353,1.2811118,0.77761984,0.8394439,5.371219,3.631897,1.7694045,0.18334484,16.770418,0.9373236,36.310684,0.45346755,0.001550447,0.106887974,0.028168594,0.024618493,0.68751186,2.9259791,8.67693,0.6109547,0.42577812,-1.7441696,6.305817,0.6448951,479.44324,434.3835,0.09726994,9540.848,5092.5024,14.722978,77.6514,3.901429,1.0838263,16.446278,78.93594,789.1978,5455.395,0.46174225,1254.4602,1603202.8,2105637.0,5209253.0,5771783.5,4246987.0,3063642.8,1770892.2,899359.9,669217.25,536697.2,564162.06,723693.7,517662.2,282987.44,542045.1,634501.0,567334.56,361484.28,268665.84,192344.45,123183.836,97441.23,73783.4,69613.82,95809.65,63359.457,222800.5,139046.36,129710.13,95537.72,46862.43,28643.188,21391.748,17312.812,14321.594,14412.237,1.0
19928.672,0.81567246,1.7657808,0.7805853,9.797821,161.51776,46.92073,1.1264542,501.42206,0.9980363,0.05458634,32.676838,0.49951768,8.682568,35.119064,59.541428,71.55701,94.62915,58.11861,0.7497841,0.66164684,0.1576159,113.660324,0.76066875,0.7508965,1.0184367,0.77673566,0.015370659,8.766789,10.012296,0.42591506,2.171957,0.04512023,0.5146817,9.006739,9.23576,2.20759,0.026375512,19.03754,0.30107066,24.261827,0.37296617,0.0014175099,0.4901355,0.023684721,0.029292528,0.063147016,1.6675591,21.77757,0.33467233,0.6188631,1.4579651,0.78547657,3.5043557,134.78282,630.78284,0.4330592,28307.363,1094.9491,26.072617,45.249058,3.320868,9.797994,4.6390433,40.18542,859.0287,4522.5864,0.7599085,1463.7561,0.0,0.0,0.0,0.0,0.0,0.0,0.0,0.0,0.0,0.0,0.0,0.0,0.0,0.0,0.0,0.0,0.0,0.0,0.0,0.0,0.0,0.0,0.0,0.0,0.0,0.0,0.0,0.0,0.0,0.0,0.0,0.0,0.0,0.0,0.0,0.0,1.0
19928.672,0.5978638,0.8827159,2.4196637,8.1401415,96.27461,48.15551,0.6677058,77.74159,0.3719016,0.13272679,23.068262,0.13426687,41.860916,65.312965,74.80694,78.23607,91.24884,86.30241,0.10747049,0.83911127,0.22090717,154.84235,0.99903643,0.3726019,0.8426966,0.32621884,0.12840496,9.000993,78.827774,0.21417895,1.5126259,0.9383331,0.72708094,2.359349,0.3292514,0.8684287,0.19851649,14.762352,0.21046433,55.53838,0.32675165,0.0023945484,0.33171165,0.03129647,0.08349412,0.3919021,2.9505537,19.166716,0.30175883,0.50671816,-0.019294348,2.1065068,-4.6539707,147.97197,610.9391,0.44043562,20556.451,2470.9727,39.049023,56.2819,3.1803226,7.8853807,10.803577,2.4933038,294.72595,2943.1694,0.8721013,593.6091,0.0,0.0,0.0,0.0,0.0,0.0,0.0,0.0,0.0,0.0,0.0,0.0,0.0,0.0,0.0,0.0,0.0,0.0,0.0,0.0,0.0,0.0,0.0,0.0,0.0,0.0,0.0,0.0,0.0,0.0,0.0,0.0,0.0,0.0,0.0,0.0,1.0
19928.672,0.56337124,1.417355,7.1856136,5.0292797,171.96898,0.8984361,1.0076895,746.2489,0.15720776,0.031394053,39.72169,0.18152767,149.25366,46.056946,73.61673,73.527885,85.57887,72.3645,0.36213744,0.02706159,0.57858443,36.643745,0.44197,0.6020882,1.0383443,0.12912177,0.024198785,9.56806,66.0389,0.26110798,0.9042347,0.49953905,0.5074589,0.77724856,0.10287203,3.1956267,0.0076188054,1.2107902,0.948328,85.91056,0.39299098,0.0021137223,0.40021908,0.02137162,0.08004834,0.29461166,2.021608,16.918663,0.07908619,0.19874771,3.2817445,2.6870644,-0.37074587,290.8206,546.657,0.40091586,13213.06,1916.4196,10.369325,5.7004766,2.8378406,1.5021933,20.825603,75.08269,349.64136,8385.445,0.42707905,671.75635,0.0,0.0,0.0,0.0,0.0,0.0,0.0,0.0,0.0,0.0,0.0,0.0,0.0,0.0,0.0,0.0,0.0,0.0,0.0,0.0,0.0,0.0,0.0,0.0,0.0,0.0,0.0,0.0,0.0,0.0,0.0,0.0,0.0,0.0,0.0,0.0,1.0
19928.672,0.12836027,0.019135663,5.9721384,9.610744,135.9568,1.3391254,0.5411219,114.88759,0.498346,0.17477827,41.484055,0.043356102,141.01628,45.680603,69.53967,76.99174,88.67337,1.6939166,0.8810841,0.95799524,0.13555469,149.4343,0.016392333,0.02520643,1.2994219,0.044617735,0.15727773,10.5869465,59.740643,0.5097485,2.814796,0.6927131,0.59789014,3.4861438,0.7897146,9.49271,0.0032494038,10.724845,0.64636767,51.086563,0.17807111,0.0018225625,0.2711949,0.022671815,0.0330059,0.0321108,1.7438499,12.067882,0.22128691,0.6113447,-1.3736421,9.81754,4.3839855,375.85623,237.54771,0.3252411,23814.824,650.3501,16.630852,9.734167,1.7136695,1.2880194,11.180145,65.332886,974.31696,969.58984,0.7495877,388.48685,0.0,0.0,0.0,0.0,0.0,0.0,0.0,0.0,0.0,0.0,0.0,0.0,0.0,0.0,0.0,0.0,0.0,0.0,0.0,0.0,0.0,0.0,0.0,0.0,0.0,0.0,0.0,0.0,0.0,0.0,0.0,0.0,0.0,0.0,0.0,0.0,1.0
19928.672,0.7603763,0.668312,4.0120773,4.0079613,78.440704,0.61192775,1.1109359,756.54236,0.9620471,0.037553683,14.192937,0.081081994,110.56231,34.299637,65.27304,78.67294,91.847855,62.626,0.47221792,0.018259391,0.12872042,74.45224,0.4275056,0.9026306,1.1564022,0.2845463,0.45258528,9.423564,71.80917,0.5348985,2.4472406,0.15853235,0.58066386,7.0642138,1.5041982,3.7234135,0.28479925,17.587584,0.8719901,13.569414,0.7940807,0.0027127748,0.32570845,0.03303997,0.089746475,0.52963024,2.077368,7.527041,0.11638022,0.75475466,4.1498137,3.5637794,0.0007056533,289.51935,724.1118,0.8942453,17484.934,5686.3003,39.486935,80.68111,0.23875478,5.8019032,39.086235,1.0376391,43.815033,1074.2018,0.01064396,1024.6901,0.0,0.0,0.0,0.0,0.0,0.0,0.0,0.0,0.0,0.0,0.0,0.0,0.0,0.0,0.0,0.0,0.0,0.0,0.0,0.0,0.0,0.0,0.0,0.0,0.0,0.0,0.0,0.0,0.0,0.0,0.0,0.0,0.0,0.0,0.0,0.0,1.0
213248.62,0.34987321,1.6152757,4.7273946,1.6165024,1.8630257,37.602165,1.5205944,399.59845,0.79373217,0.16219531,33.985897,0.4794142,124.61291,51.197777,55.435955,89.17614,94.23856,93.74128,0.20087619,0.21266355,0.16244313,166.4345,0.80784863,0.5783508,0.8811923,0.016180528,0.39201093,11.851958,84.799965,0.46136597,0.75264174,0.32686815,0.6760456,3.9091012,8.150154,0.3234003,0.27736235,9.261952,0.80687284,21.076767,0.5391833,0.0025535524,0.30481082,0.039672226,0.07500693,0.7505953,2.8334632,11.610115,0.23757826,0.14619997,2.4867275,8.297922,-0.4566928,5.4602675,211.08041,0.97978574,25871.09,1454.9237,22.07788,23.667368,1.4319373,7.074572,7.2975917,68.78023,325.65298,6604.5093,0.962088,1062.8502,85657.63,211379.47,1004868.3,775360.25,220715.7,81669.34,5257.294,181.286,4169.578,17584.742,278092.72,229145.5,130525.92,38795.203,10242.659,26195.826,82485.13,39973.562,18581.814,1359.645,362.572,543.858,5166.651,6979.511,32994.05,10333.302,15228.024,17312.812,6979.511,2900.576,90.643,0.0,0.0,815.787,2538.004,4441.507,1.0
19928.672,0.43389645,1.6595193,5.803813,1.2797613,25.649382,36.232666,0.31397897,720.21796,0.8289283,0.14388141,42.9908,0.012053585,19.375639,48.10755,68.000565,87.27167,84.88339,35.697147,0.46050414,0.29680622,0.73126024,161.33542,0.68021643,0.7599109,0.91040266,0.39251068,0.47291228,9.335118,17.896196,0.6716304,0.046763156,0.9168931,0.679166,8.801894,3.1967728,7.8999653,0.12386571,5.215789,0.91588026,34.999844,0.251685,0.0028086272,0.35904795,0.04407062,0.089013964,0.6016063,2.7196028,3.2314324,0.88298124,0.8055915,-0.39074588,7.900161,3.0810652,231.17451,157.99277,0.6249844,19836.438,2004.1765,17.23217,75.962204,0.65780985,6.458813,29.226633,13.588448,849.2287,432.60318,0.6534225,606.0487,0.0,0.0,0.0,0.0,0.0,0.0,0.0,0.0,0.0,0.0,0.0,0.0,0.0,0.0,0.0,0.0,0.0,0.0,0.0,0.0,0.0,0.0,0.0,0.0,0.0,0.0,0.0,0.0,0.0,0.0,0.0,0.0,0.0,0.0,0.0,0.0,1.0
19928.672,0.6798256,1.7920896,5.1044493,8.7105465,158.89525,12.222226,1.0922337,994.04,0.50356174,0.124591716,18.139505,0.40381458,182.43594,59.9969,73.23791,80.92134,80.13512,71.91005,0.7883233,0.3646363,0.42704284,11.822361,0.23782255,0.44153455,1.0666492,0.6259721,0.31922653,8.539267,54.61355,0.59668505,2.2543263,0.70907825,0.68254834,0.14827833,2.844317,7.6042976,0.14984667,9.127458,0.7305112,61.0278,0.6797257,0.0015868653,0.110416174,0.027317282,0.04977961,0.54572916,1.6511195,6.065567,0.7901388,0.5225714,2.2258146,1.1586349,-3.479848,49.38078,295.4995,0.69088334,7940.4053,5880.7563,32.086044,54.57319,0.55051416,6.0969486,6.227321,4.455076,915.8666,9372.775,0.66099954,572.08093,0.0,0.0,0.0,0.0,0.0,0.0,0.0,0.0,0.0,0.0,0.0,0.0,0.0,0.0,0.0,0.0,0.0,0.0,0.0,0.0,0.0,0.0,0.0,0.0,0.0,0.0,0.0,0.0,0.0,0.0,0.0,0.0,0.0,0.0,0.0,0.0,1.0
292461.72,0.07825626,0.99769914,8.58985,3.9140916,111.111374,33.110146,1.4384488,56.62639,0.730449,0.10667008,15.044725,0.12531908,135.2817,31.267921,67.36688,75.409615,92.444954,91.60005,0.7756818,0.5471414,0.5390775,168.9128,0.38139156,0.39263836,0.9288374,0.5976765,0.8289424,9.135138,39.3125,0.183646,2.8478405,0.68866193,0.8302435,0.96833396,6.2591224,7.312091,0.035046786,15.775476,0.17686535,69.17839,0.65362686,0.0015355521,0.17748721,0.020121424,0.05784932,0.9578671,2.4620616,1.3394071,0.24298912,0.7730963,0.03278785,6.9234858,4.5893054,32.29422,896.1213,0.2835699,27671.127,772.91064,49.48257,0.94597244,2.526015,3.4969437,8.564175,90.26036,97.48254,317.0624,0.73074627,1309.1844,390671.34,160528.75,966073.1,1248879.2,682088.56,219084.12,60458.883,12961.949,58555.38,107230.67,169411.77,226607.5,284890.94,110493.82,52119.727,119195.55,137958.64,71879.9,50941.367,23295.252,8611.085,19850.816,15771.882,10423.945,39429.703,31996.979,34263.055,68888.68,29458.975,12961.949,3263.148,634.501,543.858,3716.363,5257.294,7523.369,1.0
19683.865,0.1078836,0.69990903,4.8089185,8.059705,8.712151,13.52695,0.48411348,478.9639,0.6298771,0.08412479,41.969696,0.42993715,195.36769,69.26961,66.10665,71.94038,81.29356,70.84543,0.13473567,0.5310926,0.48165476,65.64528,0.025220266,0.84938604,1.131797,0.079119004,0.53843963,11.439205,38.15517,0.30995288,0.7115972,0.05845287,0.63688797,3.7088265,3.924134,1.353903,0.08553067,19.9817,0.92353714,6.3813376,0.83889925,0.0020068223,0.42320412,0.018653894,0.06504169,0.99803627,2.3761134,17.813707,0.9168432,0.6225083,-0.5928099,6.1072717,-2.2733073,340.15146,999.0361,0.34920853,16597.875,5411.904,41.171104,50.35171,0.18549421,0.638162,12.950941,18.276001,923.52466,2500.2893,0.13611808,908.8256,0.0,0.0,0.0,0.0,0.0,0.0,0.0,0.0,0.0,0.0,4985.365,0.0,0.0,0.0,0.0,0.0,0.0,0.0,0.0,0.0,0.0,0.0,0.0,0.0,0.0,0.0,0.0,0.0,0.0,0.0,0.0,0.0,0.0,0.0,0.0,0.0,1.0
19928.672,0.41206223,0.5683781,6.09943,8.618962,71.21813,31.575373,0.69931716,650.3386,0.8492188,0.0885273,31.51703,0.32346022,4.770788,37.667892,53.8265,86.99971,94.44484,39.297882,0.35531962,0.61121297,0.09778904,10.71755,0.9168698,0.16296627,0.9773243,0.90261036,0.4409577,8.705578,15.959612,0.3150457,0.26102296,0.5562815,0.5340759,3.6171036,8.493305,7.1937966,0.28766483,9.402159,0.6792568,22.09341,0.47376174,0.002670973,0.16063598,0.031507906,0.09584914,0.380267,1.6016438,13.389732,0.0103358505,0.38402343,-2.2933073,0.6348815,-3.6258776,436.5042,242.9588,0.20109588,26403.656,346.01898,16.128008,49.830086,0.6385473,1.1606135,34.81826,55.54816,392.00058,861.8846,0.116548166,1679.7665,0.0,0.0,0.0,0.0,0.0,0.0,0.0,0.0,0.0,0.0,0.0,0.0,0.0,0.0,0.0,0.0,0.0,0.0,0.0,0.0,0.0,0.0,0.0,0.0,0.0,0.0,0.0,0.0,0.0,0.0,0.0,0.0,0.0,0.0,0.0,0.0,1.0
162126.92,0.90341514,0.27061105,5.777772,4.6054454,15.627276,45.184383,0.11345298,324.13696,0.8627956,0.025802478,29.043785,0.44802007,118.97037,55.86947,65.063324,77.25448,92.11294,35.068787,0.65984976,0.11823814,0.9817558,97.22008,0.3569602,0.5462789,0.7978751,0.24283811,0.17674346,10.521209,69.11971,0.46659824,2.7733977,0.6027977,0.8010027,2.4958527,6.0194097,0.15410046,0.299711,10.163784,0.37204668,74.94652,0.41271505,0.0017008033,0.47974572,0.04357008,0.037675314,0.9620435,1.0865283,23.14876,0.4819074,0.4768722,0.6248951,7.77356,-1.6422175,499.51834,958.86053,0.8581509,16387.217,148.44933,13.191871,42.639378,2.7229028,4.9819093,32.886276,25.10402,270.66327,1762.5194,0.5041101,1418.8619,112941.18,125449.914,655530.2,744904.2,242741.95,60186.953,13596.45,4350.864,3353.791,3807.006,73783.4,86835.99,79403.266,19669.531,22298.178,73239.55,52119.727,25742.611,11692.947,2809.933,1087.716,634.501,634.501,1631.574,5801.152,3081.862,9789.444,13052.592,4713.436,1450.288,271.929,90.643,90.643,181.286,725.144,1359.645,1.0
1057770.8,0.16209692,0.96301067,7.5958486,7.8833904,126.08337,35.473152,1.2606858,527.43756,0.22045456,0.111993656,8.823995,0.3053176,154.67732,50.151608,62.966053,83.76113,80.35399,92.36463,0.23624855,0.63099176,0.6799579,86.907166,0.8961587,0.9980374,0.70983934,0.17742047,0.6299078,11.752852,47.361134,0.5147609,2.0649595,0.3731434,0.69127965,2.1967254,5.109292,9.244522,0.03887433,14.900344,0.26846024,17.718163,0.21162081,0.0028982628,0.416153,0.012188933,0.03897711,0.8492044,1.2559532,5.83123,0.15060331,0.45968348,4.79795,3.6320574,3.3017445,206.46931,481.88666,0.26797765,29446.45,5029.0356,10.60503,57.784256,1.1444484,6.526234,25.601591,81.503204,750.63556,6914.364,0.5389111,949.4181,0.0,1622872.2,2011005.6,3030104.8,1668828.2,0.0,0.0,0.0,362.572,181.286,31906.336,547665.0,514399.03,0.0,1742883.6,2792620.2,580205.8,1326469.6,0.0,0.0,0.0,181.286,0.0,31181.191,170952.7,118379.76,2677141.0,709009.56,1429530.8,0.0,0.0,0.0,0.0,181.286,90.643,271.929,1.0
18320.033,0.53015125,0.53713334,7.7647943,4.9771605,187.64647,49.089985,1.7919949,450.59174,0.9235197,0.18639994,22.63728,0.14747465,40.0807,68.519585,54.46896,83.842316,80.941696,67.97193,0.8140003,0.012536755,0.498994,8.320451,0.73147726,0.23759364,1.1502036,0.73069245,0.40140408,11.666926,87.0623,0.104148254,0.45054263,0.6111884,0.59299326,0.8608525,1.7728869,5.6346865,0.11794012,14.085556,0.25058734,83.87258,0.71910614,0.0020997543,0.40434805,0.00819681,0.09844287,0.086570226,2.3593693,20.082258,0.03299557,0.10441111,3.0610652,2.7103221,0.4742869,151.08568,135.94144,0.009478464,14899.282,95.54628,36.79353,35.58346,0.52324265,7.2990227,8.022825,67.94502,250.46364,1915.3888,0.84938455,1504.0319,815.787,906.43,7342.083,10967.803,2084.789,543.858,90.643,0.0,0.0,0.0,2447.361,7432.726,5619.866,1178.359,453.215,181.286,4985.365,0.0,0.0,0.0,0.0,0.0,0.0,0.0,0.0,0.0,0.0,0.0,0.0,0.0,0.0,0.0,0.0,0.0,0.0,0.0,1.0
19887.52,0.99903524,1.7197613,9.743093,7.2238617,176.57211,25.010046,1.6312232,599.1365,0.6462861,0.063631006,47.46213,0.4197304,43.88766,53.128986,51.69302,82.93474,84.41874,38.136436,0.5450737,0.066062704,0.68832284,124.752335,0.29575345,0.01638743,1.1741245,0.1926857,0.9483205,8.059028,44.182068,0.3546626,2.1582909,0.36396027,0.9136834,4.7169166,7.233881,9.382542,0.18929474,5.022614,0.7080334,63.01045,0.025772743,0.0019148398,0.13540858,0.043113414,0.07749164,0.5383571,2.0598888,18.875315,0.21111202,0.53770745,-4.364087,7.501116,-3.2113478,68.24325,162.81784,0.17644764,24632.463,1769.6703,25.248922,37.184505,3.2647626,4.2641163,30.805546,30.149296,32.267662,8288.408,0.55560166,1386.1713,0.0,90.643,453.215,453.215,90.643,0.0,0.0,0.0,0.0,0.0,0.0,0.0,0.0,0.0,0.0,0.0,0.0,0.0,0.0,0.0,0.0,0.0,0.0,0.0,0.0,0.0,0.0,0.0,0.0,0.0,0.0,0.0,0.0,0.0,0.0,0.0,1.0
19928.672,0.8500515,1.8068545,6.461995,9.225755,19.459745,36.595383,0.76086223,361.10406,0.6016445,0.19982636,4.316595,0.27315146,38.20943,66.97608,74.14512,80.21608,90.62769,18.344728,0.31862146,0.15974972,0.31969205,129.61124,0.75033766,0.21116264,1.2890624,0.79391825,0.9620502,11.583944,62.558002,0.14332192,1.5910225,0.434746,0.64347327,5.093289,9.579018,4.2693386,0.17448103,3.2240891,0.009777833,78.93132,0.998038,0.0013824141,0.2897466,0.009687748,0.09325518,0.49829787,1.8028473,17.646313,0.16285136,0.24177374,3.1414454,5.811491,-4.4054713,121.71818,511.44003,0.15699859,15437.254,4732.7705,23.08356,12.82541,2.898602,6.601961,37.205902,77.67201,610.06415,5776.638,0.04480908,764.62964,0.0,0.0,0.0,0.0,0.0,0.0,0.0,0.0,0.0,0.0,0.0,0.0,0.0,0.0,0.0,0.0,0.0,0.0,0.0,0.0,0.0,0.0,0.0,0.0,0.0,0.0,0.0,0.0,0.0,0.0,0.0,0.0,0.0,0.0,0.0,0.0,1.0
19928.672,0.86364347,0.7847171,7.505582,8.377456,90.57169,43.20141,0.42028075,811.5694,0.61003846,0.057888623,12.102602,0.414876,70.87145,47.641685,74.38618,89.25979,85.44086,43.44766,0.5797619,0.035123184,0.63061756,57.81928,0.7196596,0.35032365,1.1847099,0.68782413,0.80684435,9.892197,43.447582,0.65744746,2.281419,0.8502765,0.6357358,4.2534113,1.9255637,0.24246795,0.24477918,7.9172463,0.8386641,57.81399,0.7236505,0.0016414794,0.37553465,0.020637808,0.032027196,0.24207932,1.155701,6.4407706,0.6884748,0.4152353,0.9689374,9.034457,1.9303946,12.741947,598.2098,0.53783405,17745.701,2177.343,39.972263,85.90068,1.8522403,5.7759123,23.222631,26.890228,882.01416,4725.978,0.29545888,1129.1101,0.0,0.0,0.0,0.0,0.0,0.0,0.0,0.0,0.0,0.0,0.0,0.0,0.0,0.0,0.0,0.0,0.0,0.0,0.0,0.0,0.0,0.0,0.0,0.0,0.0,0.0,0.0,0.0,0.0,0.0,0.0,0.0,0.0,0.0,0.0,0.0,1.0
56316.16,0.14983782,1.9176605,9.980361,1.5682998,100.788795,48.767876,0.7119237,127.6018,0.5105648,0.15161243,43.638805,0.100759834,119.833466,53.233288,76.09561,83.070015,90.85629,65.36199,0.71781635,0.25267467,0.9588421,54.537388,0.5468204,0.3199292,0.9651842,0.9980372,0.61007077,10.718739,95.60854,0.099437475,0.19071,0.07963949,0.62009484,5.7913876,0.63935214,3.0128548,0.010043916,12.372142,0.35604137,52.996445,0.22177625,0.002402755,0.27402526,0.04243693,0.048500102,0.9158531,2.4475055,2.790562,0.04454619,0.58783054,0.7748999,0.57335913,2.5067275,226.87254,688.4623,0.49781632,14754.9,3177.7795,49.311085,30.084623,0.7378546,4.5246205,7.7700143,15.049637,242.20212,5381.6436,0.31992242,328.73727,82757.06,49219.15,200411.67,231955.44,209929.19,111672.18,40698.707,17312.812,43508.64,62906.242,72333.12,48040.79,33991.125,11149.089,6979.511,25470.684,40879.992,37526.203,24473.61,13777.736,6345.01,7885.941,7251.44,4713.436,6526.296,2991.219,4441.507,8248.513,8248.513,5438.58,1903.503,725.144,634.501,2266.075,3172.505,2356.718,1.0
76525.38,0.06319199,1.0926467,4.5240574,4.722574,157.98447,30.585133,0.029730413,878.4457,0.097422935,0.021720525,49.087105,0.23079473,84.92793,66.669266,54.69121,85.543755,82.87546,9.893543,0.85811234,0.046636447,0.8298087,24.74891,0.49939865,0.8629477,1.113146,0.95790833,0.6916201,11.697608,28.562601,0.52777165,0.8063111,0.71973825,0.9465131,4.106368,2.4271681,3.8077378,0.11192418,11.717875,0.41185394,60.188923,0.27185166,0.0012552267,0.3524906,0.04613908,0.056912486,0.93730336,2.1953735,6.5653872,0.6801139,0.11588983,1.6011477,1.2863584,-3.6940734,22.555332,882.97656,0.2943411,23712.742,4838.4966,45.251858,96.20438,0.39981395,9.150014,20.523897,79.39039,660.6474,7595.204,0.69193476,787.86035,0.0,0.0,195426.31,119376.83,0.0,0.0,0.0,0.0,0.0,0.0,0.0,103423.664,40154.848,0.0,0.0,61546.598,6616.939,0.0,0.0,0.0,0.0,0.0,0.0,0.0,0.0,0.0,440615.62,57467.66,71154.76,0.0,0.0,0.0,0.0,0.0,0.0,0.0,1.0
19928.672,0.8598631,1.8335572,1.570012,1.4941387,66.797226,47.470142,0.2991143,249.22498,0.48101896,0.08535404,11.831724,0.45171145,87.810036,61.7765,63.793148,81.953735,86.79033,32.673817,0.40075126,0.8594421,0.25088784,48.67521,0.22153643,0.64667994,0.83292496,0.0874849,0.9578745,9.647214,8.108424,0.17794706,1.359451,0.539579,0.72131586,2.9378126,6.9182396,6.923199,0.029604087,9.622979,0.19214089,28.433857,0.68807054,0.0014619876,0.26116803,0.010600951,0.0513828,0.97431296,1.6382225,23.05256,0.18290089,0.8657632,0.10271663,1.6236181,3.8317573,221.06046,581.37714,0.81405103,9353.073,696.4392,18.245274,39.190575,2.7562823,4.3348227,26.33597,45.299686,86.71826,3715.7888,0.67953676,425.08365,0.0,0.0,0.0,0.0,0.0,0.0,0.0,0.0,0.0,0.0,0.0,0.0,0.0,0.0,0.0,0.0,0.0,0.0,0.0,0.0,0.0,0.0,0.0,0.0,0.0,0.0,0.0,0.0,0.0,0.0,0.0,0.0,0.0,0.0,0.0,0.0,1.0
607563.2,0.4529296,0.7125098,9.235011,6.0932593,44.096752,40.809624,1.3842994,348.03683,0.5973124,0.13644794,4.8556266,0.016100781,136.9471,54.081024,60.845448,74.20107,84.25677,61.069096,0.49767846,0.17915827,0.56355166,78.37196,0.97531796,0.033283412,1.1081312,0.53881884,0.3496524,8.597855,1.2707027,0.5674453,1.3245406,0.28517386,0.6488183,6.515808,2.3731115,1.0808264,0.23327926,18.828522,0.95788056,42.679806,0.4620601,0.0012934837,0.31888068,0.008926445,0.06308699,0.88199514,1.3234562,18.248219,0.32002363,0.54915375,-3.6458776,1.5753412,-2.7741868,119.01434,708.8917,0.24186312,21722.467,3752.7673,49.98635,40.130054,1.7419517,5.381787,11.9833355,43.400085,687.56244,778.10657,0.750894,1807.354,1903.503,1091069.8,3049502.5,1795547.1,30727.977,4169.578,543.858,271.929,362.572,453.215,150195.45,221622.14,109859.31,543.858,125540.555,108409.03,79947.125,8248.513,1903.503,453.215,90.643,0.0,90.643,90.643,15681.239,18853.744,43508.64,5438.58,634.501,181.286,0.0,0.0,0.0,90.643,271.929,1178.359,1.0
19928.672,0.19205292,1.5027457,6.5295467,3.1867251,106.01803,4.042836,0.72558814,773.3694,0.18207681,0.17301239,20.593224,0.19034259,15.562613,32.264908,68.25194,87.91972,89.45454,57.8587,0.27009878,0.9621587,0.33434787,130.42935,0.2514929,0.8388061,1.1155773,0.60200465,0.9373144,8.646913,62.98014,0.2674447,2.8890622,0.7948113,0.9184917,3.548987,8.069717,6.263001,0.25190184,19.53125,0.5552131,29.511322,0.6611995,0.0022641262,0.2089218,0.041425925,0.062389564,0.81486034,1.4731104,13.774638,0.8501865,0.43310887,-3.84151,2.371324,0.82089704,178.56706,202.1428,0.5772762,10016.722,2282.8726,30.942966,89.51384,3.4927056,9.474018,14.158379,64.658104,24.182186,4332.3696,0.43415377,1378.0787,0.0,0.0,0.0,0.0,0.0,0.0,0.0,0.0,0.0,0.0,0.0,0.0,0.0,0.0,0.0,0.0,0.0,0.0,0.0,0.0,0.0,0.0,0.0,0.0,0.0,0.0,0.0,0.0,0.0,0.0,0.0,0.0,0.0,0.0,0.0,0.0,1.0
19678.916,0.057037804,0.31474617,4.6101503,2.8342667,122.11069,28.230154,1.0774695,825.5669,0.9025229,0.17711005,15.959096,0.32684046,36.241528,45.21452,71.50388,84.99845,82.42592,11.70525,0.64552027,0.35783458,0.03252401,127.694664,0.63091594,0.24299729,1.078551,0.7234323,0.5106054,8.311402,67.885,0.60344523,1.7940782,0.19326538,0.5186905,4.002894,7.8934054,5.7850432,0.25507846,6.7435837,0.7937797,73.06145,0.402369,0.0013426701,0.22832538,0.02694999,0.060862165,0.7891638,1.2696334,16.825306,0.4273221,0.022155195,4.0166254,3.013505,1.8899258,419.84363,24.868761,0.6523646,14205.701,4493.8516,29.729702,81.486145,3.4561074,6.8706746,6.625815,53.878654,545.80273,9158.183,0.9373776,1164.3052,997.073,362.572,2356.718,1722.217,543.858,181.286,0.0,0.0,0.0,0.0,90.643,90.643,90.643,0.0,0.0,0.0,0.0,90.643,90.643,0.0,0.0,0.0,0.0,0.0,90.643,0.0,90.643,271.929,997.073,90.643,0.0,0.0,0.0,0.0,0.0,0.0,1.0
19928.672,0.24230689,0.6389919,4.333892,8.810929,76.11101,27.377337,1.4475663,578.0555,0.4013544,0.15991604,26.936596,0.33063716,167.04832,64.54334,69.337425,77.11782,84.78667,59.798626,0.023765098,0.10014543,0.11594932,136.98227,0.30198255,0.15814783,0.9721606,0.66093177,0.09749789,11.926961,64.61248,0.041096028,2.4230742,0.064597815,0.95016944,4.5139475,6.6087756,0.63400984,0.13869016,10.591862,0.032427434,79.385864,0.19332425,0.0018677966,0.44406077,0.025562992,0.042745996,0.2203797,2.9634805,9.040502,0.62655324,0.17311344,-1.6622175,9.630176,-0.9678066,91.69182,790.1304,0.8377777,23473.602,1625.4757,37.867073,38.027073,2.7724657,6.9111333,23.568289,53.006783,871.9691,6528.615,0.91595304,856.7201,0.0,0.0,0.0,0.0,0.0,0.0,0.0,0.0,0.0,0.0,0.0,0.0,0.0,0.0,0.0,0.0,0.0,0.0,0.0,0.0,0.0,0.0,0.0,0.0,0.0,0.0,0.0,0.0,0.0,0.0,0.0,0.0,0.0,0.0,0.0,0.0,1.0
19928.672,0.9382404,0.3645336,9.024992,6.009382,174.56046,23.153275,1.5025194,332.31323,0.10787875,0.19671506,18.599506,0.03163348,194.08199,31.730566,62.753956,72.98927,86.39831,50.439293,0.62488157,0.6925228,0.99903566,43.00518,0.40241724,0.88213706,1.2182865,0.18281728,0.27067566,9.706215,57.807587,0.32306677,2.5910954,0.4421265,0.8877078,6.900755,0.87338704,6.3054733,0.1207575,10.009012,0.45266628,33.422527,0.0798475,0.0019303568,0.31593493,0.025214056,0.08792885,0.15712683,2.7919722,15.3991995,0.65396506,0.009051455,0.29354578,8.599074,-3.0587783,487.6623,661.53864,0.8483595,29591.164,2767.1538,28.913683,62.984383,0.32339,0.32835343,35.297314,93.736084,452.576,1616.0089,0.95791656,275.08405,0.0,0.0,0.0,0.0,0.0,0.0,0.0,0.0,0.0,0.0,0.0,0.0,0.0,0.0,0.0,0.0,0.0,0.0,0.0,0.0,0.0,0.0,0.0,0.0,0.0,0.0,0.0,0.0,0.0,0.0,0.0,0.0,0.0,0.0,0.0,0.0,1.0
19928.672,0.4987869,0.12661828,0.63007367,5.377418,74.42393,23.73835,1.3594398,944.5066,0.58048403,0.1955523,3.8973117,0.4364145,178.30916,69.01108,59.98001,71.72474,87.949165,51.138416,0.5098891,0.60284436,0.83951426,112.897675,0.26936802,0.69193786,0.91827166,0.40189612,0.9743174,11.230117,79.28023,0.28128076,0.38613597,0.5984673,0.51030463,0.6270092,9.025949,0.9761748,0.12828265,9.786426,0.05730759,43.387627,0.4344879,0.0012130033,0.1182624,0.048058767,0.021277595,0.44085765,2.2606044,5.625397,0.016077057,0.882602,0.4542869,5.0416527,2.9502926,265.4258,859.98364,0.92259055,20045.832,1705.0682,11.77383,3.2116609,0.85048324,6.0131507,15.072687,85.91365,759.6594,7764.196,0.27142122,827.31244,0.0,0.0,0.0,0.0,0.0,0.0,0.0,0.0,0.0,0.0,0.0,0.0,0.0,0.0,0.0,0.0,0.0,0.0,0.0,0.0,0.0,0.0,0.0,0.0,0.0,0.0,0.0,0.0,0.0,0.0,0.0,0.0,0.0,0.0,0.0,0.0,1.0
17838.283,0.3722013,1.3073931,4.263049,0.8633231,21.553516,31.363562,1.8488208,536.13086,0.38032648,0.17892008,28.161219,0.46912268,53.41832,41.351376,75.821144,84.47505,89.15649,53.04627,0.33325726,0.45419,0.9492807,92.21722,0.8396439,0.55560607,1.028094,0.15055591,0.13523386,10.221676,58.066578,0.43170497,0.3478223,0.5640265,0.7892212,1.2769468,2.2103548,6.537305,0.23707315,13.430374,0.47299027,30.133915,0.9621098,0.0020194473,0.18887657,0.040324766,0.058500737,0.82891196,1.3527888,3.6494753,0.83959246,0.6837141,3.58222,1.3547077,-2.9649909,273.4715,839.58606,0.95690966,13666.063,4073.6367,31.72772,53.835983,1.2852966,8.943231,37.71636,70.820946,601.6708,2098.7598,0.3810112,161.51057,37435.56,25289.396,67257.11,57377.02,46862.43,23839.11,7523.369,3172.505,4169.578,3988.292,4169.578,2084.789,1269.002,362.572,271.929,906.43,1450.288,1722.217,906.43,453.215,271.929,181.286,181.286,90.643,181.286,90.643,362.572,725.144,1087.716,725.144,271.929,90.643,181.286,271.929,362.572,181.286,1.0
1361730.0,0.77728564,0.44136518,7.936818,7.0718117,116.19243,38.052616,1.6151005,424.59525,0.789184,0.04832572,26.49966,0.14207841,56.52774,57.52227,70.5729,81.56449,84.51233,98.07992,0.75880253,0.11056967,0.9244666,23.521502,0.6026863,0.73074895,1.0760052,0.45303518,0.7079902,10.99969,46.195087,0.07069146,1.0897841,0.8600734,0.93501765,9.960379,5.807963,8.728473,0.048981152,13.926822,0.36286214,5.7669845,0.5044028,0.0013911106,0.19754738,0.0023033489,0.09792709,0.98076683,1.9624245,13.953118,0.53057426,0.7847362,-2.6315444,0.43987456,-1.2619083,431.92337,473.7342,0.6456174,9782.251,2886.2278,33.81412,44.0861,3.111647,6.2526374,13.528671,94.83587,333.85953,4406.241,0.70828813,304.28555,2549878.2,1837424.2,5480819.5,4502328.5,2190750.8,765752.06,208569.55,123002.555,538600.7,710097.25,1144821.1,569510.0,253075.25,30365.404,27736.758,276733.1,197057.88,86835.99,48947.22,0.0,0.0,0.0,0.0,0.0,0.0,0.0,0.0,0.0,0.0,0.0,0.0,0.0,0.0,0.0,0.0,0.0,1.0
19928.672,0.5040085,1.2213055,5.627513,8.581229,179.20366,25.619944,1.0599922,161.17427,0.5628583,0.15687272,44.14182,0.42503175,157.19762,57.18739,68.718956,85.88825,87.47849,21.160501,0.03184574,0.99803925,0.719433,51.48012,0.85023457,0.9483729,0.71998715,0.8070026,0.43357494,10.390747,61.006615,0.06491565,2.6487691,0.83968884,0.87421167,2.6743433,9.373553,2.016339,0.060772263,11.393428,0.8590518,27.106377,0.6262675,0.0011265622,0.45324686,0.022092406,0.06881253,0.12824887,1.9460983,14.746797,0.7195698,0.12203251,0.38067964,7.945679,3.9629807,249.76701,453.4003,0.07814943,16126.326,4337.284,15.527484,87.19492,3.6985912,9.22647,24.411184,35.014153,937.31335,7303.1084,0.18298091,1720.4861,0.0,0.0,0.0,0.0,0.0,0.0,0.0,0.0,0.0,0.0,0.0,0.0,0.0,0.0,0.0,0.0,0.0,0.0,0.0,0.0,0.0,0.0,0.0,0.0,0.0,0.0,0.0,0.0,0.0,0.0,0.0,0.0,0.0,0.0,0.0,0.0,1.0
19928.672,0.426806,1.5890573,0.97201705,7.928839,150.26189,3.2917473,0.23058382,859.307,0.009548914,0.10979207,31.304548,0.47463188,64.837845,64.910515,50.269337,86.15058,80.84934,15.121082,0.861886,0.90281427,0.36326754,58.976414,0.24323168,0.82911825,1.0616133,0.6794727,0.29473794,11.531297,33.528324,0.20674232,1.3023747,0.54694754,0.81289583,8.474531,7.306494,3.342213,0.23843724,16.350752,0.23691875,20.183784,0.60231906,0.0017694649,0.15206265,0.037458893,0.039409474,0.17659603,2.699971,2.3023224,0.5637644,0.15937087,4.9703774,9.167945,-2.0330129,125.84766,441.76877,0.22018597,11122.918,4380.827,16.432766,1.5200211,2.9276197,5.455376,5.132776,63.01858,481.0532,627.55444,0.28468952,488.7223,0.0,0.0,0.0,0.0,0.0,0.0,0.0,0.0,0.0,0.0,0.0,0.0,0.0,0.0,0.0,0.0,0.0,0.0,0.0,0.0,0.0,0.0,0.0,0.0,0.0,0.0,0.0,0.0,0.0,0.0,0.0,0.0,0.0,0.0,0.0,0.0,1.0
19928.672,0.6304649,1.204501,3.0073786,4.4032383,167.8854,34.453686,0.74398804,976.83704,0.72318226,0.05280663,46.91098,0.16295521,171.11118,33.449482,71.640205,80.075806,91.657814,95.79401,0.6867486,0.42817432,0.7773776,153.08095,0.18316272,0.6795399,0.9996412,0.42696434,0.4983876,9.276445,91.42944,0.33708894,0.88553214,0.8079025,0.8435881,7.5801806,6.4654922,4.4141273,0.22821358,12.454406,0.51067775,66.08335,0.058688693,0.0016860075,0.41109785,0.017856222,0.076639324,0.07819593,1.5675688,2.983452,0.4125916,0.7764928,3.3785913,4.5310254,2.200359,451.77957,326.4365,0.41126978,19671.135,2559.2197,22.333698,70.79398,0.10709097,8.6202545,32.233124,47.330856,862.8046,2363.5012,0.51110536,1522.0519,0.0,0.0,0.0,0.0,0.0,0.0,0.0,0.0,0.0,0.0,0.0,0.0,0.0,0.0,0.0,0.0,0.0,0.0,0.0,0.0,0.0,0.0,0.0,0.0,0.0,0.0,0.0,0.0,0.0,0.0,0.0,0.0,0.0,0.0,0.0,0.0,1.0
19928.672,0.26847517,0.47397316,0.43517488,3.6218524,27.01698,8.953967,1.7271969,190.98451,0.12833259,0.06875948,7.8492126,0.039165016,107.233315,52.216763,52.327732,72.55953,81.167755,40.235703,0.87104505,0.9161121,0.7514445,107.80771,0.1362529,0.044818647,0.80666023,0.9235881,0.7506398,10.834051,70.74832,0.6123718,2.9452667,0.010930445,0.9674155,3.0000126,4.732611,1.500275,0.054993,4.8529363,0.759699,71.88029,0.32032412,0.0017846533,0.13206236,0.007956455,0.052961912,0.6298416,2.2040513,15.039951,0.9245034,0.7143746,-4.900191,3.9247468,0.31354576,305.59225,129.11021,0.7224414,27836.514,1422.5084,50.251347,62.559998,2.3959773,8.711751,4.21156,12.906072,723.2005,1278.8453,0.35660434,1728.0264,0.0,0.0,0.0,0.0,0.0,0.0,0.0,0.0,0.0,0.0,0.0,0.0,0.0,0.0,0.0,0.0,0.0,0.0,0.0,0.0,0.0,0.0,0.0,0.0,0.0,0.0,0.0,0.0,0.0,0.0,0.0,0.0,0.0,0.0,0.0,0.0,1.0
171623.45,0.75134176,1.8488896,3.8017468,1.3480055,130.72163,36.005447,1.87644,898.8852,0.707966,0.068340756,46.220497,0.17811297,74.06098,55.042088,58.994576,72.696335,90.320854,32.03105,0.5621479,0.4352355,0.1501891,155.52101,0.61107934,0.6260506,1.2237849,0.56325364,0.77655256,9.072613,6.6115217,0.4567076,2.6186106,0.02549366,0.6227768,0.5656322,5.3002553,3.5001826,0.10916896,11.570745,0.6101284,37.228786,0.13662854,0.0021987788,0.4401442,0.028917098,0.026981717,0.35583076,2.9980698,10.232743,0.938296,0.40749374,2.7585602,5.9799094,-2.1406696,241.10675,647.196,0.33344048,20614.832,4123.7246,23.347948,98.0767,1.8990469,5.969903,36.922398,31.973856,300.9553,9024.732,0.98078877,806.6183,47678.22,199686.53,905070.4,567515.8,81034.84,13777.736,2356.718,634.501,362.572,271.929,21663.678,39610.992,19397.602,1903.503,6345.01,6979.511,3716.363,3172.505,1178.359,271.929,0.0,0.0,0.0,0.0,543.858,362.572,1722.217,1178.359,271.929,0.0,0.0,0.0,0.0,0.0,0.0,90.643,1.0
19928.672,0.9244354,0.030626984,1.9175614,7.588205,85.34629,41.995045,0.21517816,684.7113,0.45253986,0.17545867,17.797894,0.34410948,175.69096,44.877,64.14417,77.60726,89.80251,69.21103,0.92256975,0.24443755,0.06357906,117.823135,0.4535973,0.957917,0.89214766,0.70822984,0.4611917,11.901108,82.781494,0.5826892,1.2368984,0.7902649,0.52441573,8.0512905,0.57792485,6.6132274,0.24236497,16.10206,0.5629592,44.125507,0.97435725,0.0024522182,0.28506243,0.005881815,0.045565076,0.349536,2.0075803,3.4722908,0.97531,0.63723344,-4.2138305,8.728591,0.05278785,44.000305,462.00964,0.90161353,15578.399,1154.1349,34.505157,17.660097,2.0007837,4.4085317,38.123814,48.145214,236.79279,2835.3013,0.86294633,1223.3196,0.0,0.0,0.0,0.0,0.0,0.0,0.0,0.0,0.0,0.0,0.0,0.0,0.0,0.0,0.0,0.0,0.0,0.0,0.0,0.0,0.0,0.0,0.0,0.0,0.0,0.0,0.0,0.0,0.0,0.0,0.0,0.0,0.0,0.0,0.0,0.0,1.0
19928.672,0.9817482,0.72616804,3.2544324,8.9422455,50.09614,39.527115,1.4621208,688.74884,0.28389812,0.18888456,34.607388,0.048744176,94.17699,30.943977,51.87711,70.633965,82.353455,74.97302,0.74847716,0.7240152,0.10825221,43.977425,0.5307247,0.2846967,0.8774549,0.09824014,0.19202127,11.454334,93.56309,0.44246212,1.8322836,0.9990367,0.8537138,1.9121675,1.5783588,9.588343,0.04092259,16.50361,0.5297839,77.66711,0.80715466,0.0011162142,0.48523283,0.004441207,0.03262036,0.679152,2.5543752,6.7557106,0.4534222,0.21339759,-2.7941868,2.2083154,3.7314458,323.70926,981.7639,0.19171236,22241.883,4246.108,28.082727,73.04248,2.258395,2.8410492,36.155643,19.26291,411.75687,5626.339,0.4989001,235.96344,0.0,0.0,0.0,0.0,0.0,0.0,0.0,0.0,0.0,0.0,0.0,0.0,0.0,0.0,0.0,0.0,0.0,0.0,0.0,0.0,0.0,0.0,0.0,0.0,0.0,0.0,0.0,0.0,0.0,0.0,0.0,0.0,0.0,0.0,0.0,0.0,1.0
19070.807,0.44128808,1.9505817,5.3828835,0.31918362,42.059673,17.89954,0.36378902,14.982559,0.7506192,0.18261674,24.063305,0.21342593,100.2921,65.83944,53.444317,83.5937,87.556854,81.51869,0.97333175,0.15235054,0.859921,40.077892,0.19303906,0.51111025,1.2376957,0.36329165,0.54581046,10.895011,20.350477,0.50660855,1.5336499,0.8830515,0.6641521,9.463956,1.1622963,6.022895,0.04530857,12.052579,0.08686903,25.087526,0.35070089,0.0012746338,0.42642093,0.04867005,0.02631247,0.009453778,2.1564493,12.467024,0.39282975,0.09749291,3.9429808,0.86927855,-1.1777813,365.77493,815.83105,0.37149075,22090.436,3063.268,44.414467,22.038439,3.7536561,9.016857,19.771378,20.201359,707.9853,9578.499,0.23758599,92.55576,1903.503,1450.288,5801.152,7614.012,5166.651,2356.718,906.43,453.215,271.929,181.286,90.643,90.643,181.286,90.643,181.286,453.215,362.572,271.929,90.643,90.643,90.643,0.0,0.0,0.0,0.0,0.0,90.643,271.929,271.929,181.286,90.643,90.643,90.643,0.0,0.0,0.0,1.0
19928.672,0.6468922,0.19505797,1.495778,7.7569847,3.012451,19.699854,0.47327843,23.778269,0.8590194,0.15501106,27.77326,0.07866757,190.80573,34.607784,70.32257,80.598885,83.54833,44.184757,0.997037,0.2728146,0.46176884,60.451412,0.3930243,0.010653869,0.73860496,0.16279024,0.5805188,11.262365,8.941409,0.6745109,1.1775833,0.47407144,0.60697645,5.444818,8.591239,0.43898478,0.013507367,15.258531,0.46127144,49.865437,0.7510408,0.002610879,0.3771542,0.036156975,0.07224936,0.47281796,1.0471989,5.057071,0.99903613,0.5416039,-2.8957667,6.2633486,2.6099,315.50787,392.80542,0.45205322,15731.39,4760.0234,40.746822,29.46159,1.6134759,9.97038,5.3603344,3.3012288,268.3395,8491.417,0.47345084,1950.7095,0.0,0.0,0.0,0.0,0.0,0.0,0.0,0.0,0.0,0.0,0.0,0.0,0.0,0.0,0.0,0.0,0.0,0.0,0.0,0.0,0.0,0.0,0.0,0.0,0.0,0.0,0.0,0.0,0.0,0.0,0.0,0.0,0.0,0.0,0.0,0.0,1.0
19928.672,0.043685127,1.2525269,8.49182,9.97037,4.780425,21.77468,0.08673881,370.25626,0.776534,0.06265628,33.056664,0.028556637,149.5142,43.02239,66.83905,71.132454,92.74979,49.91859,0.95689833,0.13777058,0.8501135,16.031635,0.5394498,0.3634255,0.74763244,0.2689535,0.032284126,10.752227,77.56938,0.40952334,2.7103624,0.75171494,0.7017047,5.0233684,4.0180035,1.5745572,0.08154691,7.090349,0.4984618,26.874128,0.5811945,0.001142479,0.38977733,0.037524056,0.08871215,0.19187659,1.9053776,16.632748,0.38119328,0.25581115,-1.4417667,5.6350927,-0.17231405,79.26196,116.344826,0.6868344,26186.164,5367.7114,42.384144,74.92889,2.6185076,5.103891,3.9122353,59.76483,115.62885,2702.4028,0.5783466,131.4637,0.0,0.0,0.0,0.0,0.0,0.0,0.0,0.0,0.0,0.0,0.0,0.0,0.0,0.0,0.0,0.0,0.0,0.0,0.0,0.0,0.0,0.0,0.0,0.0,0.0,0.0,0.0,0.0,0.0,0.0,0.0,0.0,0.0,0.0,0.0,0.0,1.0
19928.672,0.55561465,1.4387043,8.951223,2.701535,112.662895,2.9849064,1.4999,181.14423,0.91586107,0.13903154,8.0907545,0.21697089,69.61745,58.76774,79.87114,88.06745,93.24236,60.23111,0.94734997,0.7500654,0.057427417,90.95862,0.8299462,0.7894183,1.0924469,0.2953178,0.05716797,9.924849,21.239353,0.13278282,0.8531652,0.72428864,0.7696486,2.4133613,5.9761214,8.50085,0.27106515,10.492816,0.38046962,99.803696,0.06482557,0.0028333813,0.4320357,0.019653356,0.06814165,0.7186032,2.8764265,22.084826,0.20217475,0.051811352,-4.7547135,8.829128,-2.2965128,414.9961,356.72833,0.39153075,18384.342,3482.228,26.458368,18.200317,2.4132762,2.370288,3.3729327,44.137806,135.21915,5033.068,0.6302856,1876.8157,0.0,0.0,0.0,0.0,0.0,0.0,0.0,0.0,0.0,0.0,0.0,0.0,0.0,0.0,0.0,0.0,0.0,0.0,0.0,0.0,0.0,0.0,0.0,0.0,0.0,0.0,0.0,0.0,0.0,0.0,0.0,0.0,0.0,0.0,0.0,0.0,1.0
72194.7,0.23689115,0.9466938,1.3495008,2.009361,65.15376,1.7427355,0.78416383,43.33869,0.52967536,0.16537449,0.7429549,0.16706301,12.5646515,33.11402,63.18716,85.02464,90.7879,26.951704,0.39136356,0.08106474,0.8076933,124.023964,0.28497332,0.7234903,0.9141787,0.81504494,0.22051927,10.184268,55.542442,0.49925277,0.63215905,0.97532487,0.5510243,4.397844,8.720555,0.57248175,0.18802206,13.574419,0.07849747,75.07722,0.77691174,0.0024498606,0.26530957,0.016756201,0.06645041,0.30084202,2.3221962,22.83246,0.75156564,0.71028376,1.0960137,0.15501674,-2.8757668,186.56856,863.7608,0.6010178,19475.455,5228.7734,21.63516,79.37137,3.441028,7.7590947,26.178888,96.2078,201.39925,6461.0454,0.412368,1000.29156,0.0,88558.21,180470.22,84116.7,82575.77,37163.63,4532.15,150014.17,87470.49,94721.94,171315.27,185093.0,15409.31,0.0,92727.79,100795.016,50125.58,240566.52,77227.836,48584.65,34534.984,43327.355,13143.235,49853.65,57830.234,4441.507,212376.55,39429.703,118379.76,2538.004,0.0,0.0,11692.947,40426.777,37979.418,7342.083,1.0
19928.672,0.58101666,1.8764962,4.4077435,8.28054,32.39759,7.611817,1.5888702,919.8031,0.53840137,0.14461163,9.589059,0.08841134,6.3817925,63.18654,53.213978,75.00497,92.95375,22.176065,0.4402819,0.5641753,0.75013584,100.22306,0.6616607,0.5809514,1.2629898,0.64660573,0.6530683,10.614003,18.433552,0.6334528,0.17225489,0.51175314,0.7313481,9.354058,3.723695,5.4636784,0.16407064,14.162516,0.31932732,62.58636,0.29587507,0.0023234324,0.1636018,0.039445605,0.070058964,0.14970452,1.589165,18.278343,0.057886843,0.7937717,-4.8428745,4.269872,4.81795,441.52518,427.29916,0.80600893,11559.471,3330.1877,25.594881,43.3477,1.6548603,8.484715,35.66918,56.322304,210.334,9234.809,0.33455172,1998.0758,0.0,0.0,0.0,0.0,0.0,0.0,0.0,0.0,0.0,0.0,0.0,0.0,0.0,0.0,0.0,0.0,0.0,0.0,0.0,0.0,0.0,0.0,0.0,0.0,0.0,0.0,0.0,0.0,0.0,0.0,0.0,0.0,0.0,0.0,0.0,0.0,1.0
19928.672,0.6536532,0.23138899,3.717477,5.099258,120.4298,16.38792,1.5544242,134.40562,0.32560846,0.13766478,9.094472,0.39498323,188.90211,33.880753,79.16078,84.62061,82.64591,66.11927,0.6291222,0.8823597,0.07863711,95.65182,0.5116162,0.07931265,0.76538706,0.47334546,0.5551473,8.094398,35.724518,0.25640213,2.8765252,0.5047528,0.9889614,8.701594,7.494977,5.557138,0.02386418,5.5250874,0.62572,82.903305,0.61069876,0.001240131,0.23089832,0.0032742228,0.07785547,0.5628164,2.5024645,1.2071822,0.76059204,0.49135083,-1.5046172,9.752955,-1.7241696,160.21268,963.03766,0.71789354,8877.782,1324.9108,45.40692,67.9154,2.1901686,7.5003834,33.184254,92.35828,948.31964,6098.383,0.21115474,199.72638,0.0,0.0,0.0,0.0,0.0,0.0,0.0,0.0,0.0,0.0,0.0,0.0,0.0,0.0,0.0,0.0,0.0,0.0,0.0,0.0,0.0,0.0,0.0,0.0,0.0,0.0,0.0,0.0,0.0,0.0,0.0,0.0,0.0,0.0,0.0,0.0,1.0
19928.672,0.30112958,1.06042,1.1535368,4.258686,40.27038,28.979982,1.6593643,459.16656,0.94831634,0.04312299,21.33066,0.4815044,35.165325,42.03288,78.66833,77.8403,86.50471,88.22027,0.24991125,0.7772058,0.86369985,68.81047,0.3266793,0.09842976,0.72691524,0.9743377,0.8951564,8.344948,27.241226,0.58937913,1.6673819,0.41294453,0.75237614,5.615406,5.0393143,6.4697094,0.105235144,1.4874454,0.58058083,70.81453,0.9160022,0.0022763014,0.34456262,0.011107821,0.09054937,0.10779307,1.1940376,16.205256,0.5560148,0.5946532,-3.499848,9.244593,2.5197861,8.329175,794.67975,0.5545274,27151.16,2136.4634,19.029922,27.054945,1.2123771,4.01363,31.139608,27.122425,503.5945,1347.1752,0.62604684,1113.6389,0.0,0.0,0.0,0.0,0.0,0.0,0.0,0.0,0.0,0.0,0.0,0.0,0.0,0.0,0.0,0.0,0.0,0.0,0.0,0.0,0.0,0.0,0.0,0.0,0.0,0.0,0.0,0.0,0.0,0.0,0.0,0.0,0.0,0.0,0.0,0.0,1.0
247439.47,0.33407274,0.42099962,6.2978654,5.4510775,31.43162,40.40783,1.917623,431.6512,0.032203756,0.049194884,30.103348,0.48764488,137.75453,30.360317,61.72125,76.01644,81.612366,96.21091,0.9610716,0.79435205,0.5464541,146.90915,0.68857455,0.2691072,0.82682204,0.65335315,0.8820161,8.627587,50.41445,0.16298069,1.8791026,0.25170282,0.74120003,9.139912,8.290552,7.945488,0.16919483,8.650991,0.9807728,53.868507,0.18346365,0.0011778754,0.4996149,0.047850687,0.096612796,0.27054507,1.7607259,11.143969,0.7089034,0.18959801,-0.98780656,1.0816563,-1.4846171,375.20258,731.38043,0.48050556,15083.325,1062.5818,13.535719,20.127462,2.0495758,8.378977,10.125131,32.617165,776.54877,1151.1584,0.9980374,1094.9935,128894.34,180832.78,1194584.1,923198.94,173128.12,41786.42,9336.229,1359.645,634.501,362.572,107774.52,176844.5,145844.6,26830.328,40154.848,102154.664,85748.28,28280.615,15771.882,2991.219,1087.716,634.501,1450.288,5438.58,30637.334,13596.45,31634.406,29640.262,6798.225,2538.004,271.929,90.643,0.0,90.643,634.501,4260.221,1.0
18903.754,0.9167682,0.7445596,9.807641,9.473537,38.38957,27.009396,0.256145,560.496,0.015288883,0.022754753,27.3057,0.23666158,26.894535,63.99942,67.28892,87.65649,89.390785,89.5322,0.7928685,0.68848234,0.62637115,63.28795,0.75164527,0.53891575,1.0969977,0.9159364,0.83864033,9.178329,16.43948,0.054536317,2.3701034,0.40258485,0.7817736,5.9594083,4.9871955,3.2600687,0.18082738,14.473403,0.82896763,65.325264,0.35698435,0.0020829204,0.44923237,0.018196154,0.020818831,0.31910467,1.711782,1.9950757,0.807787,0.8767977,-3.177409,4.617166,0.9889374,16.783434,44.50792,0.60940385,25011.23,382.85406,17.453985,99.80363,2.50907,7.930786,27.474184,88.21043,828.9396,7890.7603,0.10886498,477.92017,7976.584,6254.367,30002.832,28008.688,12690.02,5529.223,1087.716,90.643,90.643,181.286,11783.59,27374.186,29096.402,12508.734,8520.442,10514.588,17312.812,9880.087,5166.651,1450.288,543.858,543.858,543.858,453.215,9698.801,26014.541,50306.863,102335.945,68344.82,45230.855,19216.316,0.0,0.0,0.0,0.0,0.0,1.0
319875.22,0.6612472,1.963501,2.5023046,3.5536795,35.329945,5.520024,0.5677264,269.35007,0.461147,0.080146946,1.5899278,0.2206664,158.10378,61.0875,52.900864,74.40484,86.17705,78.9536,0.15676674,0.6267611,0.58118975,176.7234,0.70899665,0.18298909,0.752656,0.87207586,0.915868,10.015161,45.33886,0.6829732,0.6053339,0.66175556,0.65190685,5.7653933,1.8268636,8.96055,0.1962415,2.8794765,0.6299625,3.279926,0.42741737,0.0016108119,0.483564,0.007586664,0.07433884,0.2503422,1.1724741,5.181504,0.13597603,0.3530064,0.54752785,1.9230834,-1.4217668,110.87348,402.20175,0.1618179,21627.309,5288.968,45.783276,82.8913,3.6147468,9.364134,38.632095,24.278505,401.39392,3252.6194,0.8591743,357.9775,0.0,288697.97,436627.34,154002.45,196967.23,0.0,0.0,0.0,160710.03,467989.8,678462.9,798383.56,6435.653,0.0,191256.73,131613.64,0.0,810982.94,0.0,0.0,118107.83,166873.77,106142.95,195426.31,458744.22,56108.016,455843.66,0.0,434542.53,0.0,0.0,0.0,7432.726,879146.44,551653.3,93906.15,1.0
18662.25,0.1155839,0.40311122,9.578609,4.329459,109.24152,49.9519,1.9505593,235.60455,0.7493114,0.092316106,16.692436,0.38865173,75.73951,51.842674,54.031017,84.38387,88.71249,83.8896,0.6907987,0.30301717,0.79003644,162.6609,0.64732313,0.597761,0.82146144,0.84935457,0.7232052,11.17765,53.0122,0.41131914,0.66269886,0.95888686,0.9067177,7.748821,4.268726,2.686384,0.24899305,2.6750546,0.33396944,91.591225,0.12981066,0.0017406038,0.24048524,0.023100678,0.025109813,0.7304232,1.0180159,9.342651,0.5393022,0.057340473,-0.66653675,4.414647,-4.538656,397.40463,602.543,0.30056497,21089.354,5537.7173,44.849407,97.43131,1.0821267,0.15949018,8.838903,10.8624,962.04956,2200.539,0.8388045,1963.5955,181.286,5076.008,17675.385,12690.02,2356.718,271.929,0.0,0.0,0.0,0.0,634.501,725.144,453.215,0.0,0.0,0.0,181.286,90.643,0.0,0.0,0.0,0.0,0.0,0.0,0.0,0.0,0.0,0.0,0.0,0.0,0.0,0.0,0.0,0.0,0.0,0.0,1.0
53321.94,0.024029057,1.2610222,8.627622,3.0042515,6.399644,37.53689,0.44065562,747.55176,0.39196044,0.15524669,6.403355,0.118476115,165.11603,59.24123,55.731747,76.51119,82.02225,41.27033,0.043386202,0.3212229,0.51122135,140.01787,0.9493216,0.46174765,0.98435646,0.057943426,0.6463154,10.312899,41.27796,0.5286737,1.8070838,0.08800975,0.56634843,0.23642881,9.9803705,8.598944,0.06650303,1.6409949,0.7232461,67.93798,0.5979943,0.0014964356,0.2769758,0.0029679236,0.04410559,0.21020602,2.8488042,20.86242,0.9035021,0.21826327,-3.377571,7.194058,-2.5575256,58.451126,975.309,0.21002282,23977.78,2837.3901,13.977771,51.052074,1.0914066,7.2264776,20.089993,69.185165,580.51166,6790.182,0.597757,747.80676,142309.52,89736.57,244736.1,201952.61,131613.64,77137.195,36982.344,16406.383,7251.44,3807.006,54567.086,66622.6,63178.17,27011.613,13596.45,9698.801,26286.47,24564.254,23567.18,10152.016,4169.578,1812.86,1178.359,2266.075,10605.231,11330.375,12508.734,16406.383,9426.872,5619.866,2538.004,1087.716,453.215,271.929,543.858,2356.718,1.0
19481.725,0.46154636,0.5013438,3.5573478,0.5678588,94.6425,18.240074,0.1257654,627.2631,0.44091132,0.044353522,6.745325,0.36558533,49.856617,51.54736,70.69426,79.624245,94.726105,15.861996,0.17622115,0.33582422,0.8960748,21.227861,0.3202415,0.7939614,1.203787,0.5461836,0.481062,11.357509,1.8417073,0.6650398,0.29334095,0.5790429,0.71414405,7.2886915,6.7942142,3.9241812,0.16687112,15.283364,0.43365878,11.611461,0.49919593,0.0013690344,0.31244782,0.01426899,0.04168436,0.58044374,2.4170256,15.496951,0.1580265,0.33496472,-4.1302166,3.808314,4.0366254,278.13855,760.58246,0.5798772,21277.588,974.8371,47.585995,84.92053,1.8178701,7.590475,18.260254,46.15968,128.39014,4807.524,0.4815922,965.6928,453.215,453.215,5982.438,3897.649,1178.359,362.572,0.0,0.0,0.0,0.0,0.0,0.0,181.286,90.643,90.643,90.643,90.643,0.0,0.0,0.0,0.0,0.0,0.0,0.0,0.0,0.0,0.0,90.643,0.0,0.0,0.0,0.0,0.0,0.0,0.0,0.0,1.0
16108.029,0.61060405,1.0778893,5.4566154,2.0986483,180.68053,39.754135,0.17267513,508.39877,0.20134652,0.1908678,39.49395,0.26946196,66.47297,38.04417,57.235004,70.47199,86.91964,76.00452,0.528987,0.37379524,0.02443231,131.73535,0.05818872,0.53019947,0.71513605,0.5782622,0.078361,8.126792,97.2444,0.64793575,1.4449493,0.6803061,0.79051197,8.610086,2.5097272,6.1069093,0.2194577,4.3844376,0.44104043,56.312695,0.882205,0.0021408044,0.17138137,0.006517707,0.094969414,0.9235124,1.1132455,21.073545,0.29552773,0.8534132,2.4997861,0.97701454,4.631006,190.77943,98.19268,0.36231267,10628.546,5984.2256,41.86469,25.034668,3.7976093,1.8245547,16.786346,23.737988,319.21497,3800.0813,0.08766766,1555.7788,58827.31,34988.2,62090.453,54113.87,43508.64,26830.328,14140.308,10514.588,15771.882,13868.379,14412.237,9245.586,6526.296,2628.647,1903.503,4260.221,5801.152,6979.511,6345.01,5529.223,4078.935,4532.15,3625.72,2356.718,2809.933,1722.217,3172.505,5347.937,6254.367,5166.651,3353.791,3081.862,7432.726,11239.732,11874.233,8973.657,1.0
19809.842,0.473281,1.7273211,7.891325,9.7333355,183.35147,44.16031,0.6383723,657.8956,0.16203159,0.077508114,35.42715,0.25202408,115.61759,67.9695,78.052574,78.02847,89.70105,99.803795,0.60090834,0.8954614,0.21072732,77.099075,0.11666336,0.66100293,1.0590144,0.22116023,0.81489336,10.043217,25.23166,0.17421558,2.3837576,0.92454875,0.7733031,3.328562,1.2898223,4.616665,0.13610876,3.466436,0.8951718,86.28795,0.8151906,0.002145498,0.45849842,0.016026465,0.09386729,0.48096913,2.7656484,21.304956,0.77748615,0.7261538,-2.9849908,9.9903555,-3.357571,135.94434,334.64566,0.024033608,15937.399,5743.5527,12.321531,48.097225,0.777297,1.9231617,9.759495,22.110565,371.94305,5294.3384,0.15072602,505.22003,0.0,0.0,997.073,0.0,0.0,0.0,0.0,0.0,0.0,0.0,1359.645,0.0,0.0,0.0,0.0,0.0,0.0,0.0,0.0,0.0,0.0,0.0,0.0,0.0,0.0,0.0,0.0,0.0,0.0,0.0,0.0,0.0,0.0,0.0,815.787,0.0,1.0
19928.672,0.97528774,0.8679345,0.15047498,9.149225,199.80702,43.012924,1.6787899,803.55,0.81487805,0.19334182,10.506774,0.3011163,115.09889,58.950108,50.947773,78.531075,91.40406,30.208027,0.5771602,0.13096173,0.69237846,119.18642,0.7242113,0.93737817,1.2753254,0.20206952,0.62566465,9.845238,96.02397,0.23107192,1.1173638,0.16335434,0.86486024,7.216138,2.711586,6.7989707,0.26885322,18.167946,0.27078363,32.602325,0.9579409,0.0021836462,0.20799312,0.013491352,0.03686227,0.02402401,1.3636091,5.409037,0.69252837,0.039814863,2.5899,3.7239976,-2.4750245,54.606724,539.28375,0.12815054,10189.207,3021.3054,26.88394,11.549082,0.71628445,4.727565,39.32512,54.61518,176.72946,2009.3605,0.80704105,1262.9336,0.0,0.0,0.0,0.0,0.0,0.0,0.0,0.0,0.0,0.0,0.0,0.0,0.0,0.0,0.0,0.0,0.0,0.0,0.0,0.0,0.0,0.0,0.0,0.0,0.0,0.0,0.0,0.0,0.0,0.0,0.0,0.0,0.0,0.0,0.0,0.0,1.0
19928.672,0.29489285,0.06449027,2.8372264,2.678313,48.44167,29.109934,1.3222706,552.7771,0.8068284,0.02434554,47.940563,0.09111499,171.86353,36.469124,69.76683,80.77368,92.59066,45.34566,0.32505563,0.7898176,0.39253366,158.97362,0.3348855,0.25125012,0.8709869,0.98078513,0.16210118,9.810755,48.171925,0.2520606,2.579759,0.27189597,0.7653225,2.8301682,8.820937,8.636739,0.15141095,18.566664,0.16222523,12.886888,0.28511208,0.0015826757,0.21422997,0.04737461,0.041498624,0.2366691,2.3842316,18.486229,0.6472101,0.7642813,-1.2819084,3.19626,1.8064564,474.66766,271.42908,0.2364585,25690.576,945.9324,47.900486,10.779842,3.4018922,2.6852436,10.472813,11.630926,555.1397,3623.875,0.09842073,870.86255,0.0,0.0,0.0,0.0,0.0,0.0,0.0,0.0,0.0,0.0,0.0,0.0,0.0,0.0,0.0,0.0,0.0,0.0,0.0,0.0,0.0,0.0,0.0,0.0,0.0,0.0,0.0,0.0,0.0,0.0,0.0,0.0,0.0,0.0,0.0,0.0,1.0
19928.672,0.36300436,1.678936,3.190032,9.015943,125.23361,29.949917,1.7455537,96.80821,0.21028185,0.11073185,36.189068,0.07495294,105.494804,32.511185,58.485153,81.26358,80.22135,12.9793215,0.28337297,0.22280553,0.3724607,110.094864,0.37296754,0.27142853,1.1895392,0.21099676,0.7304714,8.251119,42.74302,0.241174,1.9613789,0.5308563,0.57698447,4.324126,1.626561,1.8234698,0.08084993,12.99053,0.11577484,93.734726,0.20270064,0.0027887837,0.3879582,0.02904682,0.030858371,0.3337516,1.8820843,4.719746,0.3635779,0.49974942,-0.47669283,2.508151,2.0938725,105.78904,372.74142,0.25011742,18201.57,2232.3901,28.56024,36.26576,2.328778,9.611094,24.507559,99.80371,718.6487,7936.2656,0.9026297,1206.5585,0.0,0.0,0.0,0.0,0.0,0.0,0.0,0.0,0.0,0.0,0.0,0.0,0.0,0.0,0.0,0.0,0.0,0.0,0.0,0.0,0.0,0.0,0.0,0.0,0.0,0.0,0.0,0.0,0.0,0.0,0.0,0.0,0.0,0.0,0.0,0.0,1.0
19928.672,0.7193171,0.11431145,3.3365233,5.771918,11.383033,45.85015,1.9259872,868.43774,0.34959844,0.16935645,43.179882,0.19616559,31.28678,44.508957,60.64114,73.83395,94.3821,90.26848,0.14935008,0.4825831,0.5303454,79.69892,0.06433539,0.40202183,0.77000153,0.06408517,0.5036029,10.408103,5.9999948,0.23551297,0.40663898,0.29595098,0.5903152,7.875122,5.7819476,8.157136,0.114450924,4.014762,0.6916657,2.471823,0.045373555,0.0014780962,0.36477813,0.00088513753,0.087082304,0.4116616,1.8236068,4.4376626,0.4344062,0.34254238,-0.19231404,4.3407545,1.3141133,39.815132,57.849106,0.6599429,8138.3916,3466.628,34.683052,31.910875,0.3568271,2.7084434,19.340918,49.87647,362.757,5802.6865,0.20222929,261.4469,0.0,0.0,0.0,0.0,0.0,0.0,0.0,0.0,0.0,0.0,0.0,0.0,0.0,0.0,0.0,0.0,0.0,0.0,0.0,0.0,0.0,0.0,0.0,0.0,0.0,0.0,0.0,0.0,0.0,0.0,0.0,0.0,0.0,0.0,0.0,0.0,1.0
19928.672,0.6262167,0.29988828,6.25542,8.483295,23.093775,6.540969,1.7196337,958.18585,0.36271492,0.11833743,48.763973,0.31524724,11.3399,44.23564,66.3274,71.25559,83.6296,77.69073,0.086263776,0.8632069,0.17709693,32.20974,0.77755743,0.65342593,0.734917,0.88211244,0.59734577,8.226491,27.010046,0.15596384,2.1937728,0.75040764,0.6609601,9.559354,6.3015256,0.09664948,0.20658922,7.787693,0.54587764,50.386692,0.011228645,0.0014450551,0.4455698,0.04682617,0.023552481,0.42639035,1.0633961,10.810735,0.4992382,0.3707771,2.0738726,6.882926,1.5454026,64.829796,807.7793,0.8280881,13963.933,3659.3198,40.800526,83.86126,2.648798,1.5762839,34.063385,15.791176,162.08693,9620.281,0.6104689,1766.3866,0.0,0.0,0.0,0.0,0.0,0.0,0.0,0.0,0.0,0.0,0.0,0.0,0.0,0.0,0.0,0.0,0.0,0.0,0.0,0.0,0.0,0.0,0.0,0.0,0.0,0.0,0.0,0.0,0.0,0.0,0.0,0.0,0.0,0.0,0.0,0.0,1.0
19928.672,0.73114914,1.1958282,0.0930612,2.4171152,143.85611,11.139202,0.26982373,209.24336,0.68754184,0.1494829,5.7643213,0.25552922,86.33902,55.21209,61.372852,89.6348,83.30363,48.188793,0.9149163,0.1943912,0.23720646,34.955734,0.16311961,0.9743429,0.94145274,0.7188843,0.20141283,11.491052,60.171597,0.4229269,1.7357411,0.35714057,0.6268729,5.284096,3.343119,8.076567,0.19421601,4.67458,0.06345348,18.258,0.15863682,0.0016744003,0.12604906,0.048991594,0.083130606,0.16195112,2.438387,14.35914,0.2847441,0.84351313,-3.9183156,4.8160443,-1.7884609,181.97694,499.21814,0.7498525,23015.59,2645.9004,37.105022,34.95399,2.0216115,6.2950006,25.130505,7.905445,498.3791,6873.8154,0.06427261,545.5574,0.0,0.0,0.0,0.0,0.0,0.0,0.0,0.0,0.0,0.0,0.0,0.0,0.0,0.0,0.0,0.0,0.0,0.0,0.0,0.0,0.0,0.0,0.0,0.0,0.0,0.0,0.0,0.0,0.0,0.0,0.0,0.0,0.0,0.0,0.0,0.0,1.0
294867.2,0.015190337,0.9232274,8.8197775,7.178374,29.945452,20.686047,1.5797607,607.4989,0.9807686,0.12001988,42.500053,0.35966974,79.92897,57.68463,57.073,85.205414,81.72792,20.268467,0.4258256,0.94846934,0.79458785,14.52673,0.57892483,0.7495902,1.2695932,0.8952419,0.10795283,8.460778,56.313194,0.027552934,1.9841516,0.8299939,0.8939793,1.0727285,5.38745,1.157812,0.2078047,6.1683145,0.4811388,88.20785,0.937414,0.0023458085,0.47534707,0.038815305,0.022629503,0.6255977,1.7840301,1.729055,0.06403548,0.8620071,-0.2737,8.076746,-4.344087,462.27402,251.22298,0.056974556,28863.426,5842.088,48.91873,8.657571,1.4591805,7.4873276,34.958046,60.19768,814.89026,3005.499,0.3725956,1449.2458,1360188.9,624077.06,530261.56,529989.6,569238.06,415144.94,234221.52,120555.19,60368.24,41877.066,79584.555,79856.484,63087.527,32359.55,18672.457,17947.314,35985.27,35260.13,30546.691,18672.457,9698.801,5347.937,3444.434,2628.647,3897.649,2991.219,2266.075,3444.434,3444.434,3081.862,2084.789,1359.645,906.43,725.144,815.787,1450.288,1.0
19928.672,0.1572677,1.3845795,3.494391,5.7979336,60.207733,10.631435,1.7656742,156.36856,0.7596436,0.10153871,38.860535,0.0047616186,47.132744,36.27587,52.578487,88.76427,93.43979,28.509777,0.805956,0.53979224,0.24261996,135.36038,0.46220356,0.68788964,0.7817552,0.4340405,0.9980364,10.4417305,88.06163,0.48796016,0.029530972,0.89618784,0.556208,8.271944,0.44464657,3.5631804,0.16185986,19.21898,0.71869504,10.842765,0.088206775,0.002521743,0.28162283,0.01511659,0.06367614,0.40129694,1.7254479,8.339559,0.7313912,0.014214194,3.7114458,5.390328,-4.1938305,252.37392,284.71548,0.10771593,19046.902,2601.659,38.210327,61.000336,2.1258883,9.569405,13.927768,37.242603,998.0364,8819.462,0.71894044,1616.2708,0.0,0.0,0.0,0.0,0.0,0.0,0.0,0.0,0.0,0.0,0.0,0.0,0.0,0.0,0.0,0.0,0.0,0.0,0.0,0.0,0.0,0.0,0.0,0.0,0.0,0.0,0.0,0.0,0.0,0.0,0.0,0.0,0.0,0.0,0.0,0.0,1.0
16107.93,0.22058512,1.376466,1.6182622,1.0753742,163.1297,18.698624,1.2521865,790.5029,0.97431535,0.115437,10.059358,0.4622207,17.230892,49.94265,63.535393,72.14982,85.243805,84.94701,0.07789584,0.5050578,0.70876145,45.462303,0.790206,0.50411505,0.7949811,0.033080067,0.52971435,9.764169,11.052426,0.13650876,0.48730507,0.38156506,0.9796798,1.4911472,3.2611094,1.9223317,0.017507559,7.6681705,0.88203347,75.9791,0.30209425,0.0013303579,0.25276482,0.04292526,0.054705054,0.94831145,1.8672945,4.100784,0.6025589,0.30070874,2.2983768,8.636866,1.1160136,327.08475,938.2935,0.3188087,14345.403,2715.5793,24.333069,26.822533,1.3110065,3.0108726,13.036967,33.437187,679.2039,3916.4807,0.025196666,119.18871,4078.935,2900.576,11692.947,14684.166,12236.805,10423.945,9426.872,4441.507,10423.945,13052.592,93724.86,88195.64,59552.45,27374.186,12055.519,4532.15,0.0,0.0,0.0,0.0,0.0,0.0,0.0,0.0,0.0,0.0,0.0,0.0,0.0,0.0,0.0,0.0,0.0,0.0,0.0,0.0,1.0
19928.672,0.21040106,0.15674305,1.2811893,6.86772,56.801285,8.2230425,0.38357237,282.5832,0.41171807,0.05183335,45.169136,0.3972597,29.808151,30.590273,75.09738,76.382225,90.96546,33.49315,0.2098056,0.81543404,0.326135,104.31537,0.03330543,0.30168873,1.033696,0.41225037,0.14985678,9.398348,40.246998,0.47939885,1.4969674,0.26957294,0.7497903,6.4483786,3.0143003,3.6314647,0.032739934,16.954592,0.75067663,90.25823,0.51139396,0.0015257994,0.33275205,0.04190918,0.049045373,0.7765127,2.6150582,23.580025,0.8729334,0.7460313,4.4738965,6.537627,0.79489994,237.03308,680.1011,0.015213042,26641.176,61.15205,43.439243,41.16651,0.60891134,3.8037057,28.470577,80.69891,838.63763,7184.859,0.07930343,642.5121,0.0,0.0,0.0,0.0,0.0,0.0,0.0,0.0,0.0,0.0,0.0,0.0,0.0,0.0,0.0,0.0,0.0,0.0,0.0,0.0,0.0,0.0,0.0,0.0,0.0,0.0,0.0,0.0,0.0,0.0,0.0,0.0,0.0,0.0,0.0,0.0,1.0
18681.328,0.70864105,0.17350665,0.5685854,4.804018,184.8851,21.421156,0.32364058,715.6829,0.33381557,0.039437614,0.4555393,0.3619482,63.555088,40.81923,56.585236,74.83947,87.218185,82.921364,0.24165466,0.9237476,0.30141833,122.52166,0.96305096,0.42708477,1.1509881,0.13594504,0.086733796,10.644392,3.5243766,0.017503755,0.09754394,0.15111363,0.6970475,7.920533,6.532977,8.394837,0.27506542,12.909948,0.14998265,41.20798,0.74973524,0.001966182,0.15479186,0.026515204,0.070398115,0.8590059,2.6311827,23.431368,0.1291451,0.14186123,1.2941133,1.501066,-4.880191,395.13138,692.51605,0.9473639,17160.537,1611.5507,29.395016,15.713188,1.9315932,0.44363987,9.01747,8.742094,625.6583,4980.884,0.24298972,1361.3873,0.0,1631.574,13143.235,8611.085,90.643,0.0,0.0,181.286,0.0,0.0,1269.002,3807.006,90.643,0.0,90.643,1359.645,543.858,181.286,0.0,0.0,0.0,0.0,0.0,0.0,453.215,181.286,11692.947,181.286,362.572,90.643,0.0,271.929,90.643,453.215,906.43,453.215,1.0
327768.72,0.5462666,1.5001276,3.625588,4.1115212,150.0,14.844107,1.3761821,9.264143,0.14978617,0.027883222,36.552937,0.15973265,130.07309,42.76445,51.2936,79.22619,81.455284,37.29536,0.45190272,0.73126,0.66138715,29.577972,0.17776158,0.5633454,0.935817,0.48148844,0.75966346,10.252716,68.716545,0.033130445,2.0771263,0.22175476,0.68710285,0.09096843,9.159231,4.3402276,0.17370021,17.341835,0.12853402,16.254713,0.98079956,0.0013073502,0.35079482,0.0068579954,0.059885588,0.4610953,1.1255592,12.748494,0.17749803,0.6744209,2.8848763,8.960647,0.122716635,313.38693,381.1685,0.91493917,16830.28,4886.731,27.4887,86.278336,3.5852964,5.6259437,14.834352,57.823273,78.34532,1816.5642,0.6020843,1917.8734,0.0,0.0,491557.0,0.0,0.0,0.0,0.0,0.0,0.0,0.0,1968856.6,0.0,0.0,0.0,0.0,0.0,0.0,0.0,0.0,0.0,0.0,0.0,0.0,0.0,0.0,0.0,0.0,0.0,0.0,0.0,0.0,0.0,0.0,0.0,0.0,0.0,1.0
19928.672,0.57841027,0.8035236,4.9822316,9.363549,191.76395,9.716617,0.5364674,378.6495,0.30090916,0.040823504,37.56291,0.05782734,25.533876,56.14003,71.18453,75.67569,82.727066,54.65331,0.18161927,0.97438985,0.2017857,38.24963,0.4127798,0.43415943,1.2851908,0.9373652,0.38037792,8.429964,90.102585,0.34271085,2.997107,0.2026541,0.5310283,8.131661,0.98095655,5.9795356,0.057955366,8.251681,0.15740252,92.35661,0.38137677,0.0027501169,0.1655295,0.04472541,0.08518419,0.09733625,1.5363064,14.299168,0.37276655,0.16422936,-1.0816101,3.5007875,-2.6115444,359.86774,949.30334,0.59668976,12313.098,4501.6875,18.612192,47.282112,2.1607332,4.1170917,9.559537,73.06736,182.13081,9980.358,0.9483724,69.49639,0.0,0.0,0.0,0.0,0.0,0.0,0.0,0.0,0.0,0.0,0.0,0.0,0.0,0.0,0.0,0.0,0.0,0.0,0.0,0.0,0.0,0.0,0.0,0.0,0.0,0.0,0.0,0.0,0.0,0.0,0.0,0.0,0.0,0.0,0.0,0.0,1.0
222827.83,0.8960318,0.905996,9.158406,3.3330724,189.85062,34.036446,0.6512678,643.6104,0.2946794,0.12991683,29.886429,0.17496262,169.15857,62.301163,59.734234,74.7311,85.705444,73.08996,0.6522693,0.5120397,0.271103,151.17737,0.9817705,0.4815974,1.2421203,0.33441848,0.67920935,8.946221,13.087146,0.1498005,0.32473075,0.6310195,0.6025466,1.5652469,7.5080447,7.5139723,0.28149807,13.302129,0.99803656,15.772627,0.57859546,0.0027639237,0.33947703,0.0013250486,0.040069815,0.18199827,2.8984747,7.775397,0.9588622,0.293327,3.4843557,7.312341,3.3985913,388.8088,412.56805,0.67848325,25294.902,1806.9994,15.24704,33.37556,0.07183548,0.24762979,5.917355,91.593056,902.5293,3334.7327,0.22131619,319.105,56017.375,325499.0,987646.1,855669.94,303744.7,128350.484,27555.473,8339.156,4804.079,3535.077,25380.04,145663.3,181195.36,29187.047,80944.195,183098.86,105327.164,39882.92,19125.674,5076.008,2175.432,1450.288,1087.716,997.073,18219.242,18219.242,81759.984,51122.652,30999.906,11058.446,1994.146,543.858,271.929,271.929,453.215,1087.716,1.0
19928.672,0.32585648,0.08760944,0.23878525,2.363058,192.6002,7.9822626,0.80297893,575.4618,0.08665795,0.10520154,13.527822,0.27782512,21.458788,69.961395,57.482426,88.33463,93.86603,7.982906,0.8942167,0.82944185,0.28439534,104.78327,0.2716917,0.11655701,1.1665354,0.025001386,0.36276782,9.521452,2.719991,0.08532898,0.23588458,0.45375058,0.5456873,0.31716242,1.3580661,5.1112843,0.2172783,8.847793,0.9620556,9.797827,0.70846015,0.0020696311,0.24572685,0.005498565,0.0677954,0.20126982,2.5797143,21.60768,0.6615522,0.5202297,-2.5775256,8.500989,4.246289,425.1375,63.997993,0.792925,20992.207,3876.5176,32.388744,32.55478,0.13938011,3.5597792,11.783081,74.95202,793.7457,9482.902,0.25124264,1324.3312,0.0,0.0,0.0,0.0,0.0,0.0,0.0,0.0,0.0,0.0,0.0,0.0,0.0,0.0,0.0,0.0,0.0,0.0,0.0,0.0,0.0,0.0,0.0,0.0,0.0,0.0,0.0,0.0,0.0,0.0,0.0,0.0,0.0,0.0,0.0,0.0,1.0
19928.672,0.9492597,1.3225791,1.0766009,2.942,170.00641,14.305963,0.063609116,86.08365,0.4264454,0.19258937,30.523655,0.2264867,91.84166,52.52716,50.705624,73.13793,94.0732,79.40765,0.59657913,0.9374956,0.64703804,172.6082,0.9245276,0.98078895,1.0027703,0.3564755,0.71865344,10.768463,72.9849,0.35826027,2.2504003,0.016668202,0.8455973,6.284546,7.767,8.297764,0.107122846,5.627815,0.3921009,58.07418,0.5635987,0.0016302485,0.1397105,0.01634727,0.078436255,0.5035141,1.4839467,19.57317,0.89612544,0.5631806,1.5254025,7.6045203,1.27174,29.221718,750.2476,0.5030272,29978.39,2408.873,24.871683,24.208387,3.1621606,5.294674,15.960737,87.206696,529.70636,8067.295,0.68788654,178.2308,0.0,0.0,0.0,0.0,0.0,0.0,0.0,0.0,0.0,0.0,0.0,0.0,0.0,0.0,0.0,0.0,0.0,0.0,0.0,0.0,0.0,0.0,0.0,0.0,0.0,0.0,0.0,0.0,0.0,0.0,0.0,0.0,0.0,0.0,0.0,0.0,1.0
19928.672,0.69225127,0.7614261,7.4925013,0.43457958,119.5623,47.947063,0.6017977,970.408,0.057089668,0.030286428,48.14967,0.26509443,32.24785,43.351185,75.70806,82.60604,85.880226,29.586098,0.12791073,0.47445732,0.7604753,3.20501,0.93831575,0.35661077,0.8960103,0.8290825,0.78920144,11.041083,4.6731696,0.12268213,2.5503361,0.18339181,0.79885495,9.601049,9.807822,7.500883,0.1592428,8.091697,0.32576427,98.07798,0.7895402,0.0012019209,0.30201226,0.033964634,0.03614812,0.28382936,1.2303891,20.549667,0.4620312,0.02942805,-3.4257395,7.087332,-1.9708054,354.5377,829.8849,0.9363672,13027.783,4555.7627,35.842392,68.75137,0.9777478,3.9198492,21.660084,61.036373,538.4318,7504.913,0.36341912,1197.9082,0.0,0.0,0.0,0.0,0.0,0.0,0.0,0.0,0.0,0.0,0.0,0.0,0.0,0.0,0.0,0.0,0.0,0.0,0.0,0.0,0.0,0.0,0.0,0.0,0.0,0.0,0.0,0.0,0.0,0.0,0.0,0.0,0.0,0.0,0.0,0.0,1.0
15823.808,0.794503,1.3597313,8.385877,0.6292865,155.45132,9.223592,0.50066155,293.324,0.71863014,0.05972154,40.78052,0.33992562,128.72757,40.726128,60.452652,84.17026,90.38174,94.84013,0.7296274,0.4998578,0.2951842,81.78883,0.6540759,0.19285543,0.70639575,0.3015419,0.043831296,8.173057,81.38379,0.57299775,2.5185382,0.8159491,0.8149996,4.798293,8.387466,9.034368,0.29259673,2.2303014,0.108084925,54.605194,0.033845026,0.0021758361,0.23417805,0.035930157,0.07285563,0.74928737,2.6593268,11.880131,0.54667515,0.69890594,-2.3165128,0.243376,4.1698136,142.58334,221.25572,0.9610818,13613.949,3609.023,20.26018,6.3152637,3.0029411,1.3561989,3.5854125,35.64304,597.3389,4010.4685,0.39263228,1080.2743,2809.933,19669.531,62543.67,63993.957,50306.863,13233.878,2447.361,14140.308,22207.535,12418.091,22842.035,8701.728,4804.079,453.215,1994.146,8792.371,7432.726,7885.941,3444.434,2628.647,1450.288,1722.217,1087.716,815.787,1450.288,543.858,1087.716,634.501,543.858,181.286,0.0,0.0,181.286,362.572,181.286,181.286,1.0
90293544.0,0.8394479,0.38430792,7.231146,6.5987515,99.74434,22.143217,1.8334814,954.02545,0.69159454,0.03410531,35.961132,0.2494135,183.96179,60.41083,73.75294,89.9807,82.24195,23.802116,0.82804126,0.8723443,0.015597242,108.58629,0.48207343,0.85917574,1.0236717,0.46163452,0.6606532,8.967894,24.409761,0.07811685,0.5312669,0.1779922,0.87486,1.8135483,0.24845162,5.0411916,0.20408222,5.7847075,0.9025452,80.69468,0.84947306,0.002629974,0.123592466,0.013607144,0.06442244,0.32554373,2.8067453,14.84659,0.86376625,0.3267019,-4.558656,4.122481,-1.3536421,167.5327,319.9964,0.88111633,18772.898,3376.6138,47.03828,94.83118,2.8804245,8.141888,21.467009,5.787739,980.7698,8627.255,0.0581321,926.01245,50916348.0,111787470.0,341480830.0,288980930.0,135566130.0,57260724.0,19552602.0,34344812.0,63350664.0,51523836.0,146326080.0,106057570.0,64254012.0,8581173.0,7747982.5,49187150.0,55015316.0,39294190.0,12904663.0,5464957.0,1846126.0,3237768.0,4986815.5,4582729.0,28857468.0,23811554.0,31430732.0,26575984.0,19370952.0,5256750.0,1001061.3,1602024.4,5295726.5,7684079.0,11316779.0,25751766.0,1.0
39717.117,0.09741611,0.21599033,6.01547,0.23838328,53.67601,17.58537,1.0217158,835.2292,0.957871,0.082990706,14.732784,0.13543002,53.881325,61.594288,71.85782,73.23456,88.33128,4.535442,0.371318,0.71947676,0.3808915,4.7917547,0.95887536,0.89526373,1.1253991,0.25109267,0.3009672,11.613491,94.65805,0.36309075,2.4894214,0.116911106,0.939998,6.591544,4.1215625,2.8425925,0.26189908,15.454735,0.5036764,48.1338,0.23803642,0.0026544502,0.38369662,0.034381136,0.07994381,0.135079,2.0921338,13.188722,0.5044551,0.4533847,1.7864563,9.588381,1.0321957,469.16623,751.5557,0.5291163,17938.717,3962.4377,44.0162,14.970963,2.446795,0.78838277,28.6206,82.90705,57.15193,4261.5073,0.45314464,368.76367,5166.651,8611.085,142762.72,218268.34,84116.7,25561.326,1994.146,181.286,90.643,90.643,181.286,815.787,1812.86,271.929,271.929,1722.217,1359.645,543.858,362.572,0.0,0.0,0.0,0.0,0.0,0.0,0.0,181.286,906.43,271.929,181.286,0.0,0.0,0.0,0.0,0.0,0.0,1.0
19928.672,0.0321241,0.8242715,4.1157393,3.7978377,141.72063,20.168749,1.7000041,409.92322,0.2421521,0.16301481,32.33867,0.09605879,143.14093,39.462208,65.84534,87.45525,94.98552,2.5753214,0.55440515,0.16455899,0.009853237,33.180546,0.6926269,0.064281985,1.2778307,0.6302117,0.23680575,8.727218,65.28431,0.55527467,1.2057853,0.96306133,0.5697343,9.216377,2.1087036,9.752933,0.09063253,17.155725,0.29484233,96.206985,0.85925704,0.0025299424,0.2430005,0.0017279461,0.04673561,0.79371244,1.699174,12.587173,0.44179115,0.27111152,-4.4254713,4.734475,4.4938965,175.42117,192.74806,0.03211202,9015.636,901.4618,19.920908,69.156685,3.0441997,8.812038,21.91932,16.273155,749.3279,147.82664,0.56334096,445.39655,0.0,0.0,0.0,0.0,0.0,0.0,0.0,0.0,0.0,0.0,0.0,0.0,0.0,0.0,0.0,0.0,0.0,0.0,0.0,0.0,0.0,0.0,0.0,0.0,0.0,0.0,0.0,0.0,0.0,0.0,0.0,0.0,0.0,0.0,0.0,0.0,1.0
64389.895,0.2708017,1.4623655,8.7192955,0.77965003,58.96023,25.27039,0.8532335,496.22586,0.043751888,0.09683701,40.377453,0.289222,121.50582,64.39206,79.354034,82.20866,91.91619,36.378235,0.2677764,0.059933953,0.60236514,145.46245,0.59835464,0.92360395,1.2160211,0.7598605,0.11564389,10.504209,97.88636,0.619301,1.891842,0.6267776,0.9728725,6.776831,3.5637245,4.0182047,0.29453215,19.298283,0.53850794,68.77337,0.48189828,0.0017292567,0.14388888,0.024954174,0.07533084,0.7079381,2.2521043,8.487873,0.26913384,0.73339397,-3.7140734,5.464101,-4.1102166,362.14294,924.50037,0.51002365,27376.434,813.8332,39.673862,55.507034,3.0081632,7.181033,19.067602,38.08439,653.06244,8589.474,0.1581394,540.917,40789.35,76049.48,258423.19,321329.44,151917.67,44505.715,10333.302,5438.58,17766.027,39520.348,77590.41,41061.277,25289.396,4169.578,3897.649,27374.186,31725.05,20666.604,7795.298,2266.075,634.501,815.787,2084.789,1903.503,5076.008,2447.361,2719.29,2900.576,1269.002,362.572,90.643,90.643,0.0,90.643,181.286,181.286,1.0
19928.672,0.78994966,1.1268517,2.011508,1.9155071,132.24063,43.658882,0.40238422,219.37787,0.8820064,0.07421786,20.074287,0.06763329,78.05738,38.402138,75.414566,81.10838,93.75098,10.93737,0.115157075,0.8074087,0.72398835,101.61554,0.09851775,0.29546595,0.777658,0.94836223,0.57791555,8.036032,92.191315,0.38229167,1.6906422,0.9035601,0.9567821,8.572384,5.5544157,9.630141,0.21271475,16.015692,0.40149269,95.789635,0.94840235,0.0022268938,0.29992795,0.00059913506,0.047997046,0.75962055,2.126358,22.261248,0.25125295,0.5817562,1.0121957,2.017082,2.9048762,96.62865,872.9283,0.063116096,17319.363,3230.0664,10.967577,91.58536,0.44156623,3.719599,22.626745,42.69242,472.90332,6254.415,0.03327373,24.259092,0.0,0.0,0.0,0.0,0.0,0.0,0.0,0.0,0.0,0.0,0.0,0.0,0.0,0.0,0.0,0.0,0.0,0.0,0.0,0.0,0.0,0.0,0.0,0.0,0.0,0.0,0.0,0.0,0.0,0.0,0.0,0.0,0.0,0.0,0.0,0.0,1.0
158970.64,0.086639106,0.4848033,9.483039,2.2003002,82.39715,19.119148,1.9980699,623.0356,0.35589257,0.12412262,12.516306,0.45838743,125.45835,41.7833,77.41027,75.89165,84.0223,63.049637,0.43290344,0.57915217,0.9168026,116.609375,0.35066673,0.3810174,1.1979684,0.610391,0.9807701,10.323329,75.88914,0.09063451,0.073268615,0.4623544,0.8264829,6.8602905,4.339499,4.733985,0.09610923,1.8602885,0.66070336,81.499146,0.9236478,0.0026890836,0.49271435,0.024090827,0.054138985,0.5550677,2.1616645,2.443931,0.0982288,0.83111024,4.611006,9.382599,1.4779651,344.3294,530.5555,0.562268,12112.724,4148.009,35.668137,66.059456,2.5915394,3.3393815,17.528875,97.43359,192.00752,7078.163,0.8952627,703.27167,200230.39,114028.89,451492.78,551381.4,546486.6,364747.44,167508.27,69523.18,68798.04,95447.08,166329.9,82213.2,60277.594,20122.746,10605.231,47950.15,88195.64,75324.336,59099.234,31453.121,12055.519,9245.586,8429.799,3988.292,7251.44,4622.793,6073.081,12236.805,10605.231,8067.227,3263.148,1269.002,1540.931,1178.359,1903.503,1178.359,1.0
1841944.2,0.18216452,1.2938726,1.7647332,0.9708934,107.7654,4.460796,0.82373625,31.83392,0.66062504,0.16682488,23.655191,0.34613794,198.808,40.009933,77.639626,86.59327,83.1508,68.806435,0.90158695,0.46277115,0.9382659,179.82681,0.15087548,0.96208835,1.0473566,0.38088727,0.859031,10.1547365,15.221322,0.28776044,2.0398645,0.35084885,0.87933403,2.005944,7.9388533,8.829019,0.2580178,17.413542,0.09763153,15.030926,0.5558639,0.0024989375,0.39268127,0.010155735,0.09694657,0.4334736,2.6787546,10.471478,0.57878983,0.36145565,-4.6739707,2.9511576,3.1614454,217.37016,350.4326,0.1154004,7811.6875,1504.4304,14.407127,88.199585,0.04891458,2.2076845,17.876617,72.34129,63.298843,2417.6262,0.58094716,407.24152,1282145.2,1172920.4,4523901.5,5258200.5,3721348.2,4949651.5,5846201.5,0.0,0.0,0.0,0.0,0.0,0.0,0.0,0.0,0.0,0.0,0.0,0.0,0.0,0.0,0.0,0.0,0.0,0.0,0.0,0.0,0.0,0.0,0.0,0.0,0.0,0.0,0.0,0.0,0.0,1.0
19928.672,0.8728188,1.1621381,7.0789466,6.4554677,195.05692,12.6346245,0.9462142,439.00684,0.83862704,0.12762386,16.281487,0.0076345783,145.49565,63.57509,64.388245,70.86528,86.021355,46.20493,0.60929674,0.4031591,0.5042134,142.29135,0.55615705,0.6302893,1.2101413,0.44141716,0.26835194,10.876774,32.711895,0.5465491,1.7435571,0.30217832,0.56002134,1.1495252,6.1032867,0.784619,0.07138799,3.8738296,0.13536191,31.958878,0.76004994,0.0024684875,0.257414,0.014806183,0.046079665,0.8386116,2.1108382,3.9434614,0.27145827,0.31490445,4.3639855,8.157308,2.2458146,88.99198,79.04931,0.043649305,23106.473,523.19385,12.573964,16.195616,1.771435,8.582557,26.94339,9.817693,440.9482,5103.1343,0.81508183,1440.1561,0.0,0.0,0.0,0.0,0.0,0.0,0.0,0.0,0.0,0.0,0.0,0.0,0.0,0.0,0.0,0.0,0.0,0.0,0.0,0.0,0.0,0.0,0.0,0.0,0.0,0.0,0.0,0.0,0.0,0.0,0.0,0.0,0.0,0.0,0.0,0.0,1.0
14820.468,0.60220075,1.5799519,3.918115,0.15015993,92.295265,26.57384,0.9625386,317.7227,0.13516206,0.06511967,3.1438446,0.28170308,186.70914,60.049294,58.808018,86.787544,93.091446,47.37512,0.009205941,0.3821947,0.43413037,72.58966,0.15829629,0.108873904,0.9476702,0.35018706,0.84923124,9.605695,72.26202,0.050296064,2.6882212,0.03357655,0.99752223,1.6134098,1.0854367,7.0870605,0.047534414,7.212612,0.97432107,19.245129,0.5304721,0.0022899765,0.2185384,0.0049775885,0.034608,0.8951378,2.588825,10.973887,0.6307976,0.22569448,0.80089706,4.018761,-3.4057395,269.78717,504.43524,0.75886846,8319.72,2990.0522,24.59153,4.366578,3.9271982,6.7872252,34.455463,21.094147,577.9084,1493.4917,0.7939594,1926.2123,1178.359,29458.975,69432.54,47950.15,13324.521,1903.503,362.572,90.643,90.643,815.787,33809.84,19488.244,7251.44,543.858,1812.86,8067.227,4985.365,7976.584,271.929,90.643,0.0,90.643,362.572,2266.075,4713.436,1631.574,5801.152,1178.359,1540.931,90.643,0.0,0.0,0.0,181.286,906.43,815.787,1.0
19928.672,0.20145574,1.9980707,2.1008832,3.4907844,137.63069,16.066547,1.1617566,594.8207,0.23674239,0.12141591,34.404457,0.43182722,72.23069,43.983482,78.79339,79.05377,83.75372,8.8188505,0.21997154,0.2860575,0.26877743,2.1734083,0.86380994,0.4734561,0.85089874,0.23743331,0.18214472,11.796949,13.766533,0.19758007,1.6172192,0.10922237,0.8590008,3.1823359,9.4835415,1.6228386,0.07548835,12.613803,0.6531196,64.65033,0.15122783,0.0027260708,0.20084907,0.019073676,0.08211957,0.8068099,1.440484,23.9778,0.8158384,0.13518599,-2.0530128,1.7701705,3.6399271,196.59422,777.47723,0.87108004,20219.578,5768.576,42.57091,58.04463,0.9561457,8.282153,29.7899,83.876114,157.26341,3188.202,0.30168176,1010.7064,0.0,0.0,0.0,0.0,0.0,0.0,0.0,0.0,0.0,0.0,0.0,0.0,0.0,0.0,0.0,0.0,0.0,0.0,0.0,0.0,0.0,0.0,0.0,0.0,0.0,0.0,0.0,0.0,0.0,0.0,0.0,0.0,0.0,0.0,0.0,0.0,1.0
19928.672,0.7238743,1.554627,2.202635,6.249096,165.94325,38.8957,0.1559039,390.23978,0.2682912,0.0469885,11.016149,0.3750263,1.868189,54.417305,77.01084,82.04051,92.89702,80.71508,0.056715127,0.39379352,0.45315564,143.10876,0.8158974,0.17759342,0.75911427,0.58086336,0.2504764,11.399942,74.861305,0.6283656,2.3321264,0.7315526,0.7371593,6.2421775,2.6883643,5.811101,0.09804021,18.42123,0.024343293,1.0158373,0.8630268,0.0026476425,0.14696264,0.004023985,0.043607682,0.36265373,1.0295137,11.411842,0.8599893,0.8981332,4.5693054,3.3428326,-4.8228745,101.32305,850.18054,0.2702994,24430.092,2352.584,33.70721,95.786736,3.53282,4.610547,16.193731,75.984375,433.56534,2679.1516,0.8291165,1590.1202,0.0,0.0,0.0,0.0,0.0,0.0,0.0,0.0,0.0,0.0,0.0,0.0,0.0,0.0,0.0,0.0,0.0,0.0,0.0,0.0,0.0,0.0,0.0,0.0,0.0,0.0,0.0,0.0,0.0,0.0,0.0,0.0,0.0,0.0,0.0,0.0,1.0
397832.0,0.75003254,1.9260209,9.372941,6.7841916,88.24308,22.72365,0.99724287,855.54504,0.67918277,0.090623505,19.021364,0.298948,81.99376,37.272182,61.120556,70.18016,85.33836,3.3825662,0.9363502,0.20375519,0.35644042,6.2449923,0.36378184,0.8721026,1.2298117,0.15797077,0.9025309,11.159429,85.77492,0.3991614,1.0693026,0.65417296,0.9027269,8.368779,5.461109,5.302561,0.13262118,4.1063643,0.2423272,1.5894808,0.9026867,0.002234544,0.11364752,0.045092884,0.056224566,0.04366004,2.2208652,7.9189043,0.9817647,0.65745544,4.7335105,3.260696,-3.8983157,481.5305,10.29621,0.14958398,10956.49,5491.8267,30.441217,2.4029868,1.3437792,2.506775,33.70436,66.090805,283.94537,236.16069,0.19284736,1898.7946,41333.207,336557.47,760313.5,1578094.6,1537124.0,652720.25,103604.945,14321.594,34988.2,138321.22,215730.34,36257.2,54748.37,2538.004,14230.951,107502.6,101157.586,113575.68,25380.04,3807.006,543.858,906.43,1903.503,815.787,3172.505,271.929,4169.578,7795.298,10786.517,5076.008,906.43,90.643,90.643,815.787,725.144,181.286,1.0
19928.672,0.3806356,1.5208125,5.5500145,9.569015,115.67108,46.232426,1.1565422,543.47455,0.6530396,0.17110397,19.603907,0.20605464,59.916912,47.06215,72.42268,87.19603,91.268486,85.92542,0.5377072,0.2704977,0.975298,157.16818,0.8600341,0.9159539,0.86162376,0.31978622,0.5628946,10.119778,51.111103,0.27325597,1.9411039,0.09877059,0.92374283,9.723539,2.019417,2.9505017,0.10050163,12.0031395,0.42657787,7.885158,0.01695887,0.0019974192,0.4007417,0.032662008,0.09159969,0.26822093,2.727167,7.167523,0.47375527,0.07840615,-3.0787783,4.9894533,2.7785602,81.67297,87.42494,0.54519856,11231.092,4970.9204,33.09034,93.73037,3.2326186,0.5767926,18.805424,29.526842,957.8738,4114.158,0.53019476,655.3684,0.0,0.0,0.0,0.0,0.0,0.0,0.0,0.0,0.0,0.0,0.0,0.0,0.0,0.0,0.0,0.0,0.0,0.0,0.0,0.0,0.0,0.0,0.0,0.0,0.0,0.0,0.0,0.0,0.0,0.0,0.0,0.0,0.0,0.0,0.0,0.0,1.0
19928.672,0.8297384,1.0221609,0.31966522,1.7628293,63.864464,5.903952,0.35296997,107.22477,0.8719607,0.09811314,25.192083,0.021880833,173.68951,37.055775,50.44123,86.31183,80.648964,87.217384,0.41110802,0.7513692,0.19238675,98.54488,0.044852346,0.12930489,1.0069716,0.7508443,0.8628069,9.081923,30.254837,0.38737628,1.6393491,0.98177564,0.9286017,3.2466195,5.6318374,7.239359,0.25915036,3.5961244,0.18226582,35.628872,0.1170702,0.0019514884,0.43591154,0.009195593,0.035397444,0.9025136,1.9971325,16.030518,0.9493054,0.812225,-2.1606696,9.492758,-0.7172598,458.44614,626.53827,0.6292239,22828.14,4310.008,46.195793,7.820146,3.3595972,9.73357,36.428654,86.290955,380.3674,8718.953,0.17758518,1632.3444,0.0,0.0,0.0,0.0,0.0,0.0,0.0,0.0,0.0,0.0,0.0,0.0,0.0,0.0,0.0,0.0,0.0,0.0,0.0,0.0,0.0,0.0,0.0,0.0,0.0,0.0,0.0,0.0,0.0,0.0,0.0,0.0,0.0,0.0,0.0,0.0,1.0
19928.672,0.17675678,1.008141,0.8643408,3.2510622,102.19115,34.655975,0.9227372,727.4574,0.17667511,0.12840441,7.477594,0.15059274,108.70195,39.678936,58.08737,76.67559,87.66206,13.661123,0.19149008,0.08941294,0.044080257,64.41915,0.10897247,0.08767679,1.0883954,0.37247,0.32566446,8.840214,22.25132,0.19597709,1.0504067,0.21158598,0.8612576,5.5380483,8.628972,2.1057723,0.14465004,6.4205523,0.28406355,94.834755,0.3637951,0.0018938759,0.4179706,0.03458307,0.052133605,0.11548551,1.420107,17.54145,0.7241229,0.32056564,1.25174,2.8432586,-1.0616101,330.87607,150.56929,0.35549676,11680.604,3778.1943,48.46674,21.021076,2.2274556,3.6278872,29.621391,89.52346,149.84232,6014.4,0.6466764,53.350204,0.0,0.0,0.0,0.0,0.0,0.0,0.0,0.0,0.0,0.0,0.0,0.0,0.0,0.0,0.0,0.0,0.0,0.0,0.0,0.0,0.0,0.0,0.0,0.0,0.0,0.0,0.0,0.0,0.0,0.0,0.0,0.0,0.0,0.0,0.0,0.0,1.0
342591.97,0.8076138,0.6518816,8.288866,1.8168063,146.22284,24.145174,1.2935512,705.05884,0.62563366,0.087009296,24.930916,0.20086743,191.63774,46.472137,58.01778,77.4385,80.47547,6.480683,0.30037272,0.5564508,0.087016486,70.90135,0.4739239,0.15073453,0.8630179,0.2712753,0.9235259,9.994265,86.150566,0.3050675,2.7504053,0.12966831,0.96057904,7.47702,4.8140545,4.121934,0.13040681,3.0780275,0.8492535,87.203896,0.16345246,0.0014272481,0.18124059,0.017542606,0.060302455,0.8719485,1.2149818,17.295794,0.024907818,0.08808857,1.8699257,5.3029976,3.60222,163.4307,719.55853,0.4606523,24400.766,3916.985,19.698765,78.916504,3.8357635,0.87197644,23.855097,71.88646,691.61487,566.0496,0.54627436,729.46277,84479.27,330121.8,1126873.8,1179718.6,841439.0,366832.22,53570.01,11330.375,65444.246,207935.05,752880.75,318972.72,172402.98,34897.555,43961.855,222528.56,304469.84,418770.66,128078.56,32359.55,16768.955,23839.11,21935.605,31634.406,72786.33,30727.977,86292.13,66531.96,88014.35,33809.84,4169.578,725.144,4169.578,33356.625,23567.18,17494.1,1.0
19928.672,0.51101935,0.5417858,6.915191,6.522953,144.76767,2.3191562,0.5893201,62.750626,0.8951478,0.09418343,28.913422,0.06421502,99.252945,67.52853,56.280598,79.97133,89.03039,24.342178,0.8483183,0.44259658,0.9034551,85.44236,0.6266729,0.8150837,1.1388874,0.1163712,0.009631166,11.00493,83.74631,0.32900375,0.5771368,0.39319453,0.755848,7.490077,0.1602289,4.815562,0.07301044,14.675909,0.22063468,23.721191,0.24343695,0.0025680643,0.22102796,0.035398804,0.06624233,0.59727377,2.7455258,9.748348,0.4022257,0.56699735,-4.0227227,5.785435,-0.6465367,201.28943,108.65116,0.7883811,11902.102,5173.8555,50.960426,28.383366,3.996152,1.7706288,30.757135,58.0834,806.8411,7230.4033,0.32635373,715.83984,0.0,0.0,0.0,0.0,0.0,0.0,0.0,0.0,0.0,0.0,0.0,0.0,0.0,0.0,0.0,0.0,0.0,0.0,0.0,0.0,0.0,0.0,0.0,0.0,0.0,0.0,0.0,0.0,0.0,0.0,0.0,0.0,0.0,0.0,0.0,0.0,1.0
19198.184,0.39228255,0.6024339,2.9450657,2.4996748,36.411633,42.523727,0.8674191,175.7628,0.5551104,0.13349137,37.49742,0.4078436,3.0117831,35.392666,68.84604,73.63609,88.191,53.917408,0.09702162,0.68014854,0.88292414,49.09287,0.7947538,0.77678245,0.900934,0.86291903,0.60167754,9.4876995,53.880253,0.21847606,1.1426566,0.6474221,0.70684266,4.5998845,7.598222,5.389899,0.15351126,17.778347,0.6017364,39.233437,0.69211644,0.002375323,0.36174682,0.03651905,0.028677775,0.0151943,2.499845,10.016346,0.5982259,0.3970346,-1.1977813,2.4254644,-3.82151,407.9736,32.956837,0.72970134,29171.336,5151.228,38.376747,60.160866,1.4068035,2.1061292,38.477505,39.24681,510.59708,1567.7457,0.97434264,35.72069,0.0,90.643,1359.645,27736.758,56561.23,23657.822,0.0,0.0,0.0,0.0,0.0,0.0,0.0,0.0,0.0,0.0,0.0,0.0,0.0,0.0,0.0,0.0,0.0,0.0,0.0,0.0,0.0,0.0,0.0,0.0,0.0,0.0,0.0,0.0,0.0,0.0,1.0
18522.266,0.88287574,1.1113405,6.874654,5.2902226,69.95773,32.731518,0.19423626,891.5377,0.93730927,0.11700925,45.83701,0.31312332,22.991232,68.35228,76.789986,85.79714,84.05721,42.740593,0.014942099,0.35155943,0.610765,53.417763,0.43458742,0.70829105,0.9607547,0.53010076,0.4117669,9.450896,49.895596,0.11423557,0.7278379,0.48221868,0.6682209,2.6975462,2.9520493,2.5074537,0.14220563,11.253449,0.6876139,8.721992,0.6305038,0.0028671324,0.29300368,0.030519415,0.08076961,0.51051784,2.5205417,1.5427872,0.3567541,0.39039373,-1.9908054,0.32430083,1.6211478,346.355,182.86816,0.70723945,18889.861,587.69824,30.655396,72.31574,1.1875004,5.033979,22.94976,50.39761,895.15466,3555.6165,0.7894162,1660.4,181.286,181.286,1722.217,3988.292,3172.505,543.858,0.0,0.0,0.0,0.0,362.572,1722.217,1812.86,362.572,271.929,5801.152,12146.162,4622.793,1631.574,271.929,90.643,90.643,0.0,0.0,543.858,997.073,4713.436,8973.657,2266.075,453.215,0.0,0.0,0.0,0.0,0.0,634.501,1.0
20514.852,0.48144048,1.631391,6.7910433,1.1522344,47.35838,6.8818593,1.2041389,785.9718,0.25041416,0.09944348,13.411457,0.12118377,90.12683,48.452374,62.312923,74.02209,88.9653,16.34357,0.70715934,0.64735115,0.41230515,28.711021,0.08775389,0.4989051,1.1768531,0.7495377,0.35594603,8.804417,23.871613,0.5584119,2.9258933,0.42766616,0.98576206,0.43246308,3.50083,7.773353,0.22550702,7.368461,0.7765855,72.33522,0.109391555,0.0017529031,0.4667759,0.032325506,0.03417627,0.610001,2.2934735,9.554274,0.96303916,0.26550826,-2.4950244,1.8242307,-0.57280993,75.55257,903.4983,0.77574307,22411.986,3274.2363,35.02774,75.05968,1.4958647,0.10218735,17.098215,98.078384,426.48325,8950.943,0.88213587,1746.3273,9426.872,6979.511,103242.375,52572.94,22660.75,7976.584,1540.931,725.144,362.572,181.286,543.858,1722.217,1903.503,543.858,271.929,181.286,997.073,725.144,181.286,90.643,0.0,0.0,0.0,0.0,0.0,0.0,181.286,181.286,90.643,90.643,0.0,0.0,0.0,0.0,0.0,0.0,1.0
19928.672,0.13519737,0.58996207,2.681119,6.2914996,80.32183,10.1854315,0.01823386,845.7812,0.54577273,0.15030311,5.379177,0.053977504,48.210537,35.978542,54.83567,81.616646,87.09573,56.358997,0.9797807,0.98082364,0.6537963,17.966345,0.56390417,0.4123739,0.81582665,0.10868648,0.33387086,11.835228,80.58302,0.3762727,1.3852909,0.86384815,0.7176554,8.933103,3.807881,2.7096438,0.063452095,6.6252837,0.015516474,59.75598,0.3349448,0.0025933941,0.4614457,0.021724518,0.07170959,0.64625216,2.917614,20.775433,0.108686864,0.18156125,2.9302926,5.111739,-3.157409,380.36673,563.7469,0.3799077,28616.594,1263.9554,11.29962,13.508418,1.0107399,8.061527,15.376493,84.9344,461.18256,7491.829,0.40201584,1295.699,0.0,0.0,0.0,0.0,0.0,0.0,0.0,0.0,0.0,0.0,0.0,0.0,0.0,0.0,0.0,0.0,0.0,0.0,0.0,0.0,0.0,0.0,0.0,0.0,0.0,0.0,0.0,0.0,0.0,0.0,0.0,0.0,0.0,0.0,0.0,0.0,1.0
817180.7,0.31941083,0.85375535,5.034402,7.4980273,129.36925,4.998126,1.1954621,354.30734,0.115570456,0.18502001,2.1681736,0.44144258,160.71298,49.24849,72.73209,83.22196,88.08026,19.330809,0.72236544,0.7603664,0.5557983,90.021225,0.90353304,0.71894324,0.8099009,0.50401086,0.8719713,10.924123,36.403194,0.64265305,0.9783855,0.33507207,0.7779324,3.7929437,7.1883936,4.988987,0.26491195,2.5160458,0.20153107,45.287643,0.26953167,0.0011570565,0.17354,0.049851984,0.08454082,0.72315574,2.3070016,9.1854925,0.19278039,0.6755972,2.1803591,6.7992687,4.7535105,282.01105,555.997,0.97333854,25396.896,1210.4143,36.516205,90.25142,1.575964,0.9794446,39.96433,41.22092,562.88715,90.397415,0.16295789,220.60461,624258.3,521650.47,1429168.1,2495673.8,2487334.5,1524252.8,585553.75,407984.16,667767.0,935889.0,1420557.1,861743.0,633141.4,188265.52,189081.3,815333.8,819594.0,900538.2,484668.12,259873.48,133698.42,139046.36,133698.42,96353.51,151011.23,69069.97,179563.78,268122.0,297309.03,186815.22,89827.21,61909.168,112759.89,119376.83,121552.266,102064.016,1.0
5781271.5,0.28409952,0.3244034,8.148329,5.966093,86.764565,15.155063,1.3070778,240.99394,0.07828446,0.14756145,21.685303,0.10523213,151.31218,50.432163,64.907135,72.303894,93.55059,75.103584,0.34902966,0.18454367,0.18250243,173.35873,0.12942414,0.6104728,0.95650566,0.0104457615,0.7937493,9.203288,19.41614,0.02146303,0.47282326,0.76073587,0.8962342,4.9712925,6.8777423,9.990355,0.019351227,18.027895,0.5974053,40.172253,0.829217,0.002338502,0.3721942,0.040725853,0.050452963,0.3718413,1.8531073,7.2210565,0.794688,0.65091944,3.6199272,6.023265,-0.2537,490.88773,653.95123,0.99703723,12541.219,3583.0647,43.108692,92.35129,0.8148026,2.4242938,25.290867,17.736282,646.3094,9807.592,0.9236032,1700.9161,1526428.1,1554346.1,7066347.0,8250869.5,10449144.0,12058692.0,28794472.0,0.0,0.0,0.0,0.0,0.0,0.0,0.0,0.0,0.0,0.0,0.0,0.0,0.0,0.0,0.0,0.0,0.0,0.0,0.0,0.0,0.0,0.0,0.0,0.0,0.0,0.0,0.0,0.0,0.0,1.0
181792.6,0.9588251,1.8985322,9.62038,7.484959,172.72516,44.816257,1.9634844,676.38367,0.06323699,0.07309539,25.542742,0.37568083,162.31674,53.90747,78.382195,88.98475,89.91647,17.805464,0.29414707,0.84967107,0.35014185,135.12535,0.581528,0.13612673,0.7905287,0.83877236,0.6875677,11.10875,99.60413,0.119354784,2.1262758,0.13649514,0.5830554,2.0951576,8.952252,2.4247594,0.004970903,8.472605,0.74936914,47.319263,0.09895349,0.0028258525,0.3226122,0.027782543,0.09982298,0.69156504,1.5004966,13.559539,0.8298917,0.44869345,-3.2313478,0.097571105,-0.86432,448.09338,578.77295,0.8619236,28135.62,5620.3457,46.735428,52.963303,3.6680088,3.1931732,30.058897,28.449615,629.9015,5548.8193,0.12929617,885.6057,118198.47,267034.28,510229.44,606220.4,599331.5,324320.66,104692.664,230505.16,207935.05,146841.66,246730.25,126265.695,66260.03,15681.239,33991.125,123002.555,120645.836,120827.12,41786.42,21391.748,12055.519,16950.24,18037.957,17584.742,31634.406,14684.166,23204.607,14956.095,14956.095,4532.15,997.073,634.501,1631.574,4985.365,4169.578,3353.791,1.0
19714.104,0.401687,0.25693855,8.067812,0.09280266,17.304064,32.394417,1.2209511,299.53036,0.19195418,0.14237528,22.055008,0.35433218,58.675735,38.80968,66.60703,70.295135,85.00669,1.1208825,0.8377335,0.5817478,0.59803,175.56361,0.8729741,0.058141533,1.2547169,0.9620806,0.24221501,8.880968,74.9914,0.294909,1.0030243,0.23803632,0.97760946,9.7879715,9.620747,6.8826356,0.17952812,6.124184,0.043972895,4.434028,0.54654217,0.0028554983,0.46983644,0.012600603,0.055295162,0.056999106,1.5409614,4.608625,0.5114596,0.6468251,3.8117573,6.6135426,4.9903774,403.9503,16.037645,0.74854594,26945.635,1954.9991,20.99428,19.188143,2.3183818,4.808931,7.0128636,62.59459,107.93766,4608.702,0.44152895,1833.9878,0.0,181.286,1722.217,1903.503,1722.217,634.501,0.0,0.0,0.0,0.0,0.0,0.0,0.0,0.0,0.0,0.0,0.0,90.643,0.0,0.0,0.0,0.0,0.0,0.0,0.0,0.0,0.0,0.0,0.0,0.0,0.0,0.0,0.0,0.0,0.0,0.0,1.0
27501.148,0.009443957,1.7001406,2.7043638,5.6218066,12.614029,41.510937,0.90549797,912.1732,0.31917003,0.07866819,17.482727,0.38019773,144.04787,47.34589,55.274193,88.488045,90.19527,55.585503,0.50289077,0.59852535,0.81574863,165.05806,0.07938128,0.4531501,0.92378306,0.6918732,0.74933213,8.511907,89.36892,0.60604995,0.9590564,0.58164537,0.9304738,1.7596158,9.743338,9.167868,0.2889173,2.1135666,0.81492066,46.14783,0.8721764,0.0018805651,0.10459416,0.011919387,0.021983236,0.57784003,1.3833946,22.578903,0.087461494,0.8242218,-1.808461,8.394987,0.40067965,430.03598,177.46509,0.42598328,12906.472,2098.7483,23.684963,71.86049,3.8524394,1.6244409,32.401485,36.324703,730.4668,9743.026,0.2690999,1849.2805,0.0,0.0,90.643,0.0,0.0,0.0,0.0,0.0,0.0,0.0,177479.0,0.0,0.0,0.0,0.0,0.0,0.0,0.0,0.0,0.0,0.0,0.0,0.0,0.0,0.0,0.0,0.0,0.0,0.0,0.0,0.0,0.0,0.0,0.0,0.0,181.286,1.0
19928.672,0.3561744,0.35371947,2.3655534,3.7136512,138.44225,11.952203,1.8067665,267.03488,0.5778805,0.035614043,38.014786,0.240741,112.10596,62.623653,56.013016,89.50554,92.23387,5.8669825,0.37973732,0.23904417,0.47349864,83.33573,0.88301873,0.3345584,1.0489185,0.4987998,0.06331477,9.302238,32.071404,0.44538915,1.4204806,0.32043216,0.80516416,6.002661,4.6154833,9.817523,0.08876413,19.653793,0.57797796,84.93111,0.73090494,0.001805627,0.19538555,0.037973713,0.0278421,0.6530063,1.9226186,15.874945,0.32646346,0.24386396,-0.88432,5.5575514,2.318377,255.87411,269.10458,0.08651506,8578.685,4656.971,17.859589,46.10985,1.5295072,2.9486802,27.193388,6.4019566,15.3539095,6296.8716,0.016377578,1159.1066,0.0,0.0,0.0,0.0,0.0,0.0,0.0,0.0,0.0,0.0,0.0,0.0,0.0,0.0,0.0,0.0,0.0,0.0,0.0,0.0,0.0,0.0,0.0,0.0,0.0,0.0,0.0,0.0,0.0,0.0,0.0,0.0,0.0,0.0,0.0,0.0,1.0
