like1,parlat_ttime,parcan_max,paresco,parepco,parcn3_swf,parperco,parpet_co,parlatq_co,parcn_a,parcn_b,parcn_c,parcn_d,pargw_flo,pardep_bot,pardep_wt,parflo_dist,parbf_max,paralpha_bf,parrevap,parrchg_dp,parspec_yld,parflo_min,parrevap_min,parfall_tmp,parmelt_tmp,parmelt_max_min,parmelt_lag,parsnow_h2o,parcov50,pardp,part_fc,parlag,parrad,pardist,pardrain,parpump,parlat_kast,parlai_noevap,parsw_init,parsurq_lag,parmsk_co1,parmsk_co2,parmsk_x,parevap_adj,parscoef,parsurq_exp,simulation_0,simulation_1,simulation_2,simulation_3,simulation_4,simulation_5,simulation_6,simulation_7,simulation_8,simulation_9,simulation_10,simulation_11,simulation_12,simulation_13,simulation_14,simulation_15,simulation_16,simulation_17,simulation_18,simulation_19,simulation_20,simulation_21,simulation_22,simulation_23,simulation_24,simulation_25,simulation_26,simulation_27,simulation_28,simulation_29,simulation_30,simulation_31,simulation_32,simulation_33,simulation_34,simulation_35,simulation_36,simulation_37,simulation_38,simulation_39,simulation_40,simulation_41,simulation_42,simulation_43,simulation_44,simulation_45,simulation_46,simulation_47,simulation_48,simulation_49,simulation_50,simulation_51,simulation_52,simulation_53,simulation_54,simulation_55,simulation_56,simulation_57,simulation_58,simulation_59,simulation_60,simulation_61,simulation_62,simulation_63,simulation_64,simulation_65,simulation_66,simulation_67,simulation_68,simulation_69,simulation_70,simulation_71,simulation_72,simulation_73,simulation_74,simulation_75,simulation_76,simulation_77,simulation_78,simulation_79,simulation_80,simulation_81,simulation_82,simulation_83,simulation_84,simulation_85,simulation_86,simulation_87,simulation_88,chain
0.63318205,99.95779,55.693867,0.5563433,0.5536725,0.5565205,0.5552294,1.0334744,0.5562104,52.266636,66.70852,81.08332,88.35426,1.1148716,30.06278,12.029543,115.953545,1.1583965,0.5548307,0.12013722,0.05614255,0.27738065,27.339891,27.34375,0.5625472,0.5669777,5.559636,0.55534333,278.89093,0.55581164,3338.7087,55.601086,55.723995,23.54009,20080.125,32.8122,5.56299,2.2284045,5.5538764,0.5560332,13.807337,5.562104,5.563433,0.1661234,0.7773363,0.5555649,2.1025112,0.01334,0.02716,0.03579,0.03953,0.04105,0.04063,0.04006,0.03943,0.03898,0.03925,0.03815,0.03773,0.03787,0.0392,0.08491,0.09052,0.1001,0.1328,0.1667,0.1836,0.2177,0.2285,0.2521,0.4962,0.2649,0.276,0.2856,0.5495,1.026,0.7941,0.7509,0.729,0.719,0.7173,0.7068,0.7082,0.7088,0.7052,0.7048,0.707,0.7156,0.7186,0.7175,0.7165,0.7189,0.7258,0.7265,0.769,0.7549,0.7534,0.7509,0.7525,0.7509,0.7513,0.8112,0.8,0.9593,0.8815,0.8849,0.8696,0.9245,0.9961,0.9459,0.9335,0.9249,0.9174,0.9139,0.9107,0.9033,0.902,0.8945,0.8891,1.002,1.091,1.034,1.021,1.025,1.004,0.9925,0.9839,0.9831,0.9763,1.012,0.985,0.9742,0.9897,0.9723,0.9593,0.9489,1.0
0.07346,167.81152,93.64259,0.9286156,0.9248038,0.9286407,0.92674106,1.2536887,0.92859685,67.403984,78.11858,88.65199,94.05929,1.8747096,47.177876,18.871777,188.10318,1.8722861,0.9266846,0.18783693,0.093791954,0.4599036,45.848152,45.934544,4.2860312,4.2866583,9.277035,0.92761564,468.70187,0.9285404,5614.708,93.45777,93.64686,37.4984,28595.836,48.253815,9.286094,3.7320607,9.276219,0.92857176,22.471378,9.285969,9.286157,0.2724652,0.95989734,0.927647,2.787115,0.05594,0.07714,0.07865,0.07789,0.07581,0.07526,0.0741,0.07289,1.0
0.50731045,93.113716,51.866165,0.51879406,0.5162383,0.5189866,0.5177569,1.0112625,0.51864964,50.739807,65.55764,80.3199,87.778824,1.0382305,28.336466,11.3394,108.67616,1.0863899,0.5173236,0.11330868,0.052345037,0.25897044,25.473053,25.468588,0.18697764,0.19179176,5.1846805,0.5177941,259.74564,0.5182164,3109.14,51.78267,51.898903,22.132183,19221.188,31.254677,5.187459,2.076738,5.178422,0.51845706,12.933437,5.1864963,5.1879406,0.15539724,0.7589223,0.51803476,2.0334587,0.01084,0.02305,0.03103,0.03547,0.03711,0.03743,0.0367,0.03677,0.03568,0.03498,0.03449,0.03524,0.03487,0.03576,0.07221,0.0743,0.0816,0.104,0.1308,0.1429,0.1692,0.1754,0.1945,0.2239,0.2186,0.2239,0.2291,0.2601,0.8399,0.6297,0.5944,0.5717,0.5619,0.5614,0.5543,0.5479,0.5482,0.5473,0.5491,0.5493,0.5472,0.55,0.5499,0.5539,0.5574,0.5595,0.556,0.6018,0.5826,0.582,0.5836,0.5838,0.5848,0.5867,0.6492,0.6307,0.7775,0.7034,0.7118,0.6964,0.7496,0.8164,0.7659,0.7594,0.7536,0.748,0.741,0.7392,0.7375,0.7356,0.7343,0.7319,0.8331,0.9133,0.8587,0.8458,0.8469,0.839,0.8292,0.8205,0.8133,0.8089,0.8478,0.8262,0.8168,0.8377,0.8199,0.8117,0.8062,1.0
1.7736942,138.03503,76.989426,0.7652501,0.761939,0.76534194,0.76370937,1.1570513,0.76518124,60.76121,73.111465,85.330605,91.55573,1.5412673,39.6672,15.869176,156.44151,1.5590074,0.7635027,0.15812804,0.077270135,0.37980643,37.72611,37.776283,2.652042,2.6543381,7.6457157,0.7642501,385.4065,0.7649746,4615.9233,76.84499,77.00504,31.373028,24858.857,41.477516,7.6522717,3.072206,7.6427307,0.7650894,18.669308,7.651812,7.652501,0.22579888,0.87978345,0.7643649,2.486688,0.03312,0.05448,0.06114,0.06208,0.06081,0.05989,0.05852,0.05754,0.05725,0.05696,0.05561,0.05505,0.0529,0.06143,0.9003,0.8537,0.855,1.732,1.988,1.946,2.063,2.039,2.088,2.196,2.123,2.104,2.084,2.17,6.826,6.059,3.812,3.455,3.272,3.141,3.043,2.952,2.864,2.777,2.695,2.616,2.531,2.453,2.381,2.314,2.245,2.182,2.117,2.062,1.996,1.942,1.888,1.837,1.794,1.743,1.779,1.716,1.994,1.845,1.812,1.76,1.819,1.908,1.812,1.759,1.723,1.687,1.66,1.636,1.6,1.575,1.542,1.513,1.693,1.851,1.733,1.685,1.677,1.65,1.621,1.61,1.584,1.571,1.631,1.589,1.578,1.613,1.584,1.569,1.554,1.0
0.013582245,18.063074,9.892412,0.107036725,0.10574298,0.10739756,0.1068409,0.7676913,0.1067661,33.996918,52.937374,71.948456,81.46869,0.1978005,9.406061,3.7714453,28.873995,0.29678172,0.10602902,0.03842842,0.010702355,0.057088193,5.001714,4.9059615,-3.931437,-3.922416,1.0729965,0.10603672,49.80239,0.10595422,591.7368,9.910718,9.953754,6.6933875,9802.26,14.175246,1.0694652,0.41359696,1.0612693,0.106405266,3.350446,1.0676609,1.0703672,0.037776325,0.556998,0.106487766,1.2762425,6.517e-05,0.0001812,0.0003492,0.0005997,0.0007986,0.00102,0.001276,0.001509,0.001753,0.002002,0.002268,0.002385,0.002642,0.002894,0.003907,0.003383,0.003576,0.004206,0.005299,0.00486,0.005849,0.005303,0.005922,0.007194,0.006129,0.006093,0.00612,0.007764,0.01413,0.009878,0.009772,0.009688,0.009864,0.01014,0.01013,0.01063,0.0107,0.01083,0.01088,0.01104,0.01165,0.01129,0.01153,0.01142,0.01166,0.01165,0.01175,0.01336,0.01242,0.01234,0.01235,0.01229,0.01253,0.01288,0.01588,0.01452,0.02192,0.01668,0.01716,0.01675,0.01994,0.02307,0.01962,0.01971,0.01954,0.01963,0.01973,0.01977,0.02013,0.02008,0.02017,0.02041,0.02692,0.02996,0.02533,0.02533,0.02653,0.02583,0.02599,0.02619,0.0262,0.02658,0.03043,0.02827,0.02815,0.0311,0.0294,0.02976,0.02999,1.0
0.15756693,65.86533,36.6269,0.36929873,0.36720115,0.36955237,0.36856702,0.9228299,0.36910847,44.661022,60.975647,77.28051,85.48782,0.73309845,21.463469,8.591728,79.70266,0.79970956,0.36799628,0.08612216,0.03722597,0.18567374,18.040594,18.002985,-1.3082811,-1.3019396,3.6918652,0.3682987,183.52225,0.36853775,2195.1548,36.58036,36.67002,16.526873,15801.49,25.053707,3.692353,1.4729071,3.6836214,0.36885482,9.454173,3.6910846,3.6929872,0.11269301,0.6856103,0.36861578,1.7585387,0.003799,0.009338,0.0144,0.01837,0.02094,0.02257,0.02311,0.02357,0.02363,0.02309,0.02285,0.02237,0.02232,0.02401,0.03698,0.03174,0.03429,0.04258,0.05316,0.05465,0.0643,0.0644,0.07075,0.08313,0.07635,0.07714,0.07807,0.09205,0.1498,0.1314,0.1351,0.1366,0.1391,0.1422,0.1438,0.1459,0.1474,0.1499,0.1514,0.1521,0.1584,0.1571,0.1578,0.1589,0.1601,0.1594,0.1611,0.1719,0.1672,0.1671,0.1674,0.167,0.1687,0.1696,0.1879,0.1828,0.2229,0.2044,0.2088,0.2066,0.2237,0.2459,0.232,0.2316,0.2314,0.2315,0.2329,0.2317,0.233,0.2344,0.2345,0.2349,0.2665,0.2904,0.2746,0.2752,0.2819,0.2783,0.2798,0.2803,0.2804,0.2815,0.2974,0.2904,0.2904,0.3025,0.2976,0.2973,0.2977,1.0
1.2548603,123.48147,68.85001,0.68540347,0.6823371,0.685528,0.6840259,1.1098188,0.6853101,57.514484,70.664185,83.707245,90.33209,1.3782939,35.996277,14.401624,140.96654,1.4058892,0.6837458,0.1436075,0.06919493,0.3406581,33.756374,33.788845,1.8534125,1.8565245,6.8483915,0.6844035,344.695,0.68503004,4127.7573,68.72533,68.87118,28.379187,23032.371,38.16553,6.8537235,2.7496953,6.844346,0.6851857,16.811005,6.8531013,6.854035,0.2029902,0.84062696,0.6845591,2.3398511,0.02444,0.04369,0.05199,0.05388,0.0531,0.0525,0.05192,0.05114,0.0502,0.04922,0.04888,0.04962,0.0484,0.05238,0.3681,0.352,0.3821,0.6205,0.7634,0.7923,0.9042,0.9122,0.9704,1.08,1.038,1.044,1.06,1.15,2.249,2.016,2.021,2.028,2.038,2.033,2.026,2.019,2.0,1.974,1.956,1.932,1.911,1.879,1.858,1.827,1.796,1.764,1.733,1.7,1.669,1.638,1.604,1.576,1.543,1.519,1.55,1.508,1.713,1.593,1.57,1.53,1.575,1.651,1.568,1.536,1.506,1.479,1.446,1.423,1.402,1.376,1.351,1.336,1.476,1.6,1.51,1.472,1.469,1.442,1.423,1.4,1.379,1.368,1.419,1.385,1.363,1.394,1.363,1.346,1.333,1.0
0.47657922,90.79853,50.57135,0.5060921,0.5035752,0.5062898,0.5050808,1.0037488,0.5059437,50.223316,65.16833,80.06166,87.58417,1.0123047,27.752495,11.105942,106.21441,1.0620319,0.5046359,0.11099876,0.051060434,0.2527427,24.841549,24.834267,0.059931725,0.06487562,5.057842,0.505092,253.26924,0.50549877,3031.4824,50.49099,50.60497,21.655924,18930.63,30.727806,5.060426,2.025433,5.051415,0.505746,12.637818,5.0594373,5.0609207,0.15176883,0.7526933,0.50533926,2.0101,0.01003,0.02165,0.02956,0.03398,0.03572,0.03606,0.03596,0.035,0.03475,0.03431,0.03409,0.03306,0.03323,0.03402,0.06806,0.07009,0.07623,0.09735,0.1218,0.1335,0.158,0.1645,0.1822,0.2088,0.2037,0.2079,0.2135,0.2428,0.7748,0.5807,0.5481,0.5298,0.5177,0.5235,0.5152,0.5109,0.5081,0.5072,0.5103,0.5129,0.5137,0.5148,0.5125,0.5148,0.5162,0.5205,0.5229,0.5619,0.543,0.5402,0.5454,0.5397,0.5407,0.5496,0.6102,0.5893,0.7337,0.6618,0.6649,0.6534,0.7076,0.774,0.726,0.7184,0.7109,0.7072,0.698,0.696,0.6939,0.6954,0.6941,0.6913,0.789,0.8634,0.8066,0.7998,0.8027,0.7875,0.7854,0.7772,0.7735,0.7703,0.806,0.7816,0.7752,0.7953,0.7728,0.7725,0.7657,1.0
0.87072575,110.734146,61.72079,0.6154667,0.61261463,0.6156197,0.614232,1.0684483,0.6153519,54.67071,68.52064,82.285355,89.26032,1.2355472,32.780956,13.116209,127.41217,1.2717746,0.6138876,0.13088912,0.06212193,0.30636847,30.279327,30.296293,1.1539016,1.1577281,6.150024,0.61446667,309.03622,0.6150075,3700.1772,61.61339,61.74681,25.756914,21432.57,35.2646,6.154284,2.4672115,6.1450496,0.61519885,15.183338,6.153519,6.154667,0.18301235,0.8063302,0.614658,2.2112384,0.01791,0.03452,0.04305,0.04609,0.04671,0.04619,0.04593,0.04444,0.04478,0.04394,0.04299,0.04309,0.04249,0.04386,0.1207,0.1312,0.1487,0.2006,0.454,0.4555,0.5249,0.5107,0.5475,0.623,0.5647,0.5622,0.5649,0.642,1.263,1.049,1.026,1.028,1.03,1.045,1.054,1.054,1.067,1.076,1.076,1.086,1.09,1.095,1.095,1.097,1.101,1.102,1.098,1.148,1.12,1.114,1.114,1.11,1.101,1.1,1.157,1.129,1.315,1.223,1.217,1.196,1.252,1.327,1.265,1.244,1.231,1.216,1.198,1.186,1.174,1.159,1.147,1.131,1.253,1.363,1.292,1.267,1.269,1.248,1.228,1.214,1.199,1.184,1.22,1.192,1.174,1.193,1.168,1.15,1.138,1.0
0.04414315,36.717422,20.325275,0.2093818,0.20777439,0.20970082,0.20897686,0.8282326,0.20914255,38.158474,56.074226,74.029236,83.03712,0.4066951,14.111341,5.652512,48.709366,0.4930442,0.20825909,0.05704042,0.021052927,0.1072674,10.090005,10.016942,-2.907777,-2.8998017,2.0949833,0.2083818,101.985214,0.20842478,1217.4545,20.318275,20.379507,10.530806,12143.398,18.420456,2.0930207,0.826982,2.0846157,0.20882355,5.7323637,2.0914254,2.0938182,0.0670118,0.6071876,0.20878057,1.4644537,0.0006024,0.00168,0.002953,0.004312,0.005641,0.006713,0.007678,0.008563,0.009205,0.009753,0.01024,0.01024,0.01042,0.01168,0.01564,0.0124,0.01296,0.01529,0.01858,0.01739,0.02054,0.0189,0.02083,0.02501,0.02141,0.02128,0.02115,0.02611,0.04517,0.03506,0.0352,0.03591,0.03609,0.03716,0.0371,0.03888,0.03839,0.03871,0.03888,0.03935,0.04121,0.04053,0.04044,0.04032,0.04069,0.04009,0.04097,0.04541,0.0428,0.04249,0.04257,0.04212,0.04227,0.04297,0.05157,0.04813,0.06647,0.05489,0.05665,0.0545,0.06315,0.07198,0.06418,0.06431,0.06364,0.06388,0.06404,0.06335,0.0632,0.06299,0.06285,0.06313,0.07872,0.08846,0.07886,0.07869,0.08203,0.08043,0.08035,0.0806,0.07993,0.08058,0.08917,0.08417,0.08419,0.09083,0.0872,0.0866,0.08707,1.0
0.00075998495,5.5348144,2.885702,0.038301766,0.037218697,0.03869069,0.038246386,0.72703177,0.038010072,31.202013,50.83066,70.55101,80.41533,0.057506893,6.2459946,2.508121,15.552559,0.16497181,0.037371308,0.0259286,0.003750911,0.023387838,1.5844184,1.4734269,-4.618927,-4.609204,0.38663,0.037301764,14.756411,0.03713499,171.50484,2.9210014,2.9518192,4.1161776,8229.951,11.324163,0.38204533,0.13596754,0.37398994,0.037621148,1.7507501,0.3801007,0.38301763,0.018141778,0.52329063,0.037787918,1.1498398,0.0,0.0,0.0,5.069e-06,2.5e-07,5.618e-08,9.2e-09,7.477e-10,2.444e-06,1.842e-07,2.17e-06,3.352e-07,1.188e-06,7.026e-06,6.043e-05,2.075e-05,2.129e-05,6.866e-05,0.0001551,0.0001028,0.0001893,0.0001085,0.0001551,0.0002783,0.0001397,0.0001321,0.0001224,0.0002925,0.001059,0.0004997,0.0004636,0.000422,0.0004166,0.0003979,0.0003906,0.0004242,0.0003968,0.0003867,0.000389,0.0004031,0.0004647,0.0004268,0.0004131,0.0004141,0.0004041,0.0003957,0.0003994,0.0006288,0.0005043,0.0004945,0.0004619,0.0004432,0.000425,0.0005373,0.0009213,0.0006992,0.001619,0.0009421,0.0009733,0.000885,0.001287,0.0017,0.001155,0.00115,0.001101,0.001112,0.001137,0.001126,0.001116,0.001094,0.00115,0.001135,0.002198,0.002534,0.001742,0.001697,0.001844,0.001735,0.001718,0.001693,0.001714,0.001742,0.00234,0.001976,0.00195,0.00241,0.00208,0.002021,0.002014,1.0
1.1500889,120.709785,67.29989,0.67019695,0.66717714,0.67032766,0.6688504,1.1008235,0.67009896,56.896156,70.19811,83.39808,90.09905,1.3472562,35.297165,14.122132,138.01938,1.3767284,0.6685564,0.14084211,0.06765702,0.33320242,33.00035,33.029453,1.7013162,1.7045835,6.696544,0.66919696,336.94162,0.6698049,4034.7874,67.17896,67.322105,27.809021,22684.521,37.534775,6.701643,2.6882741,6.6922965,0.66996825,16.457098,6.7009897,6.7019696,0.19864638,0.83316976,0.66936034,2.3118865,0.0229,0.04172,0.04978,0.05205,0.05163,0.05108,0.05101,0.05039,0.04897,0.04866,0.04769,0.04811,0.04645,0.05047,0.3156,0.3043,0.1984,0.5423,0.6793,0.6888,0.7893,0.785,0.8369,0.9352,0.8862,0.8866,0.8951,0.98,1.891,1.642,1.634,1.647,1.662,1.684,1.697,1.704,1.701,1.701,1.696,1.694,1.682,1.677,1.658,1.644,1.63,1.607,1.588,1.585,1.555,1.535,1.514,1.49,1.466,1.443,1.486,1.443,1.64,1.531,1.509,1.475,1.524,1.598,1.52,1.489,1.455,1.427,1.41,1.38,1.359,1.341,1.315,1.299,1.429,1.553,1.464,1.436,1.43,1.4,1.379,1.364,1.341,1.324,1.366,1.332,1.318,1.335,1.31,1.288,1.277,1.0
0.033792403,31.1756,17.225887,0.1789772,0.17746297,0.17930864,0.17863438,0.81024706,0.17872863,36.92216,55.142334,73.41108,82.57117,0.34463686,12.7135,5.093686,42.81669,0.43473867,0.17788865,0.05151118,0.017977986,0.0923602,8.57838,8.498575,-3.2118852,-3.2035992,1.7913723,0.1779772,86.48277,0.1779829,1031.5667,17.226406,17.28223,9.390788,11447.895,17.159292,1.7889434,0.70417386,1.7806005,0.1783972,5.0247455,1.7872863,1.789772,0.05832655,0.59227735,0.1783915,1.40854,0.0003628,0.001002,0.001834,0.002712,0.003617,0.004527,0.005258,0.005963,0.006601,0.00706,0.007668,0.007748,0.008155,0.009085,0.0117,0.009594,0.009977,0.01182,0.01439,0.01314,0.01572,0.01446,0.01588,0.01892,0.01605,0.01615,0.01604,0.01986,0.03464,0.026,0.02586,0.02648,0.02673,0.02776,0.02769,0.02916,0.02867,0.02873,0.02923,0.02935,0.03096,0.03007,0.03,0.03052,0.03084,0.03051,0.03068,0.03476,0.03212,0.03195,0.03192,0.03176,0.03207,0.03257,0.03913,0.03683,0.05194,0.04168,0.04329,0.04233,0.04866,0.0559,0.04931,0.04929,0.04874,0.0492,0.0491,0.04894,0.04888,0.0484,0.04849,0.04929,0.06166,0.0694,0.06071,0.06111,0.06387,0.06206,0.06239,0.062,0.06222,0.06236,0.07018,0.06549,0.06501,0.07076,0.06737,0.06776,0.06745,1.0
0.217656,69.38618,38.59601,0.38861546,0.3864587,0.3888612,0.3878443,0.9342566,0.38843113,45.44648,61.5677,77.67324,85.78385,0.7725255,22.35155,8.946763,83.44642,0.83675236,0.3872913,0.089635015,0.039179552,0.19514462,19.000965,18.967638,-1.1150743,-1.1089301,3.8847563,0.38761547,193.3713,0.38787818,2313.2537,38.544697,38.63779,17.251152,16243.359,25.854952,3.8855402,1.5509299,3.876769,0.38818538,9.903739,3.8843114,3.8861547,0.11821096,0.6950832,0.38792267,1.7940619,0.004434,0.01066,0.01628,0.02032,0.02316,0.02448,0.02532,0.02539,0.02496,0.02492,0.02461,0.02358,0.02369,0.02534,0.04201,0.03867,0.04279,0.05258,0.06513,0.06998,0.08192,0.08356,0.0928,0.1075,0.1029,0.1049,0.1075,0.1241,0.3416,0.1674,0.1715,0.176,0.1807,0.1864,0.1905,0.1941,0.1969,0.2017,0.2058,0.2094,0.2139,0.2162,0.218,0.2217,0.223,0.2251,0.2268,0.2402,0.2357,0.2373,0.2392,0.2392,0.2421,0.2445,0.263,0.2603,0.3045,0.2852,0.2915,0.29,0.3095,0.3348,0.3211,0.3222,0.321,0.3248,0.3241,0.3233,0.3248,0.3255,0.3285,0.3277,0.3635,0.6821,0.3572,0.3584,0.3659,0.3659,0.3669,0.3692,0.372,0.3752,0.3901,0.3862,0.3873,0.3994,0.3959,0.3981,0.3979,1.0
0.2630248,71.5051,39.78106,0.40024066,0.39804825,0.40048167,0.3994457,0.9411334,0.4000599,45.919186,61.924007,77.90959,85.962006,0.79625344,22.886013,9.160431,85.699486,0.8590455,0.39890346,0.09174912,0.040355254,0.20084439,19.578936,19.548185,-0.99879843,-0.9927731,4.000842,0.39924067,199.29866,0.39951763,2384.328,39.726875,39.822033,17.687037,16509.285,26.337158,4.001804,1.5978856,3.993009,0.3998189,10.174297,4.000599,4.0024066,0.12153176,0.70078415,0.3995419,1.8154405,0.004877,0.0116,0.01758,0.02172,0.02443,0.02581,0.02612,0.02638,0.02585,0.02567,0.02539,0.02474,0.02408,0.02596,0.04401,0.04142,0.0449,0.05543,0.06918,0.07415,0.0879,0.08974,0.09887,0.1157,0.1107,0.1126,0.1156,0.1332,0.3738,0.1789,0.1842,0.1898,0.1959,0.2026,0.2067,0.2104,0.2156,0.2206,0.225,0.2291,0.2369,0.2382,0.2407,0.2446,0.2456,0.2484,0.2516,0.2653,0.2627,0.266,0.2656,0.268,0.2698,0.2735,0.2939,0.2913,0.5755,0.3025,0.3091,0.3107,0.3319,0.6231,0.3294,0.3327,0.3372,0.3401,0.3436,0.3461,0.3495,0.3511,0.3518,0.3552,0.6758,0.7141,0.6289,0.5965,0.5925,0.5653,0.5447,0.3162,0.3255,0.3342,0.6229,0.5751,0.5601,0.576,0.5437,0.5299,0.52,1.0
0.043169007,36.193623,20.03233,0.20650806,0.20490943,0.20682824,0.20610897,0.82653266,0.20626791,38.041622,55.98615,73.97081,82.99307,0.40082952,13.979221,5.5996933,48.15241,0.4875333,0.20538856,0.05651781,0.020762293,0.10585841,9.94713,9.87343,-2.9365203,-2.928516,2.066287,0.20550805,100.519966,0.2055475,1199.8849,20.026041,20.08676,10.423054,12077.662,18.301254,2.06428,0.8153745,2.055881,0.20594773,5.6654816,2.062679,2.0650804,0.0661909,0.60577834,0.20590828,1.4591689,0.0005787,0.001584,0.002839,0.004161,0.005386,0.006536,0.007505,0.008275,0.008943,0.009494,0.01001,0.01005,0.01026,0.01148,0.01515,0.01214,0.01261,0.01512,0.01807,0.01682,0.02018,0.01852,0.02052,0.02418,0.02069,0.02061,0.02029,0.02541,0.04381,0.03393,0.03401,0.03458,0.03514,0.03588,0.03618,0.03792,0.03785,0.03786,0.03803,0.03799,0.04048,0.03952,0.03907,0.03953,0.03948,0.0396,0.03994,0.04456,0.04226,0.04183,0.04121,0.0412,0.04153,0.04245,0.05007,0.04751,0.06487,0.0538,0.05564,0.05367,0.06191,0.07049,0.06273,0.06309,0.06253,0.06235,0.06238,0.0622,0.06198,0.06169,0.06161,0.06155,0.07707,0.08665,0.07695,0.07722,0.07966,0.07897,0.07938,0.07898,0.07952,0.07925,0.08724,0.08224,0.082,0.08865,0.0851,0.08475,0.08509,1.0
0.40000644,84.537315,47.069626,0.47174057,0.46932903,0.47195238,0.47079954,0.9834285,0.47158173,48.826515,64.11546,79.36326,87.05773,0.9421906,26.173197,10.474574,99.55679,0.9961576,0.470323,0.10475176,0.04758633,0.23590039,23.133696,23.118797,-0.28365326,-0.27835843,4.7148185,0.47074056,235.75441,0.4711052,2821.464,46.99776,47.10563,20.367918,18144.842,29.302929,4.716876,1.886683,4.7079353,0.47136992,11.838343,4.7158175,4.717406,0.14195614,0.7358474,0.47100532,1.9469279,0.008093,0.01804,0.02558,0.03009,0.03206,0.03303,0.03246,0.03247,0.03184,0.03163,0.03092,0.02992,0.03014,0.03132,0.05917,0.05957,0.06347,0.08097,0.1019,0.1111,0.1321,0.1369,0.1518,0.1759,0.1691,0.1738,0.178,0.2026,0.6261,0.4668,0.4457,0.2597,0.2725,0.2871,0.2973,0.3069,0.3161,0.3239,0.3319,0.3397,0.3477,0.3556,0.3603,0.3654,0.3705,0.3759,0.3813,0.6845,0.6359,0.3613,0.3687,0.3754,0.3815,0.6563,0.6955,0.6426,0.7838,0.6639,0.6521,0.6239,0.6646,0.7218,0.6538,0.6417,0.6282,0.6212,0.6121,0.6072,0.6016,0.5961,0.5963,0.5934,0.6819,0.7408,0.6909,0.6808,0.6881,0.6736,0.6674,0.6619,0.6608,0.6558,0.6915,0.6718,0.6634,0.692,0.668,0.6629,0.6612,1.0
1.7358997,137.1242,76.48002,0.7602529,0.7569571,0.76034683,0.75872236,1.1540953,0.7601825,60.558018,72.958305,85.22901,91.47915,1.5310676,39.437454,15.777329,155.473,1.5494245,0.7585111,0.15721928,0.07676475,0.37735632,37.477665,37.52673,2.6020598,2.604407,7.595815,0.7592529,382.85855,0.75997126,4585.3716,76.33682,76.49599,31.185658,24744.547,41.270237,7.6022944,3.0520217,7.592764,0.7600886,18.553005,7.601825,7.602529,0.22437139,0.87733287,0.75937027,2.4774983,0.03271,0.0538,0.06062,0.06179,0.06025,0.0594,0.05896,0.05769,0.05698,0.05656,0.05653,0.05547,0.05329,0.06052,0.8503,0.8091,0.8091,1.633,1.87,1.836,1.954,1.929,1.982,2.095,2.022,2.015,2.003,2.091,6.472,4.772,3.937,3.598,3.374,3.216,3.071,2.967,2.86,2.76,2.675,2.592,2.515,2.435,2.362,2.299,2.226,2.16,2.098,2.041,1.984,1.926,1.878,1.825,1.777,1.738,1.761,1.707,1.971,1.825,1.799,1.748,1.795,1.898,1.794,1.745,1.711,1.671,1.647,1.611,1.578,1.556,1.524,1.503,1.664,1.821,1.703,1.67,1.662,1.625,1.606,1.586,1.568,1.551,1.611,1.57,1.553,1.592,1.557,1.542,1.529,1.0
0.13679881,60.875923,33.83646,0.34192485,0.3399112,0.3421897,0.34124908,0.9066372,0.3417262,43.547947,60.136642,76.723976,85.06832,0.6772262,20.204964,8.088607,74.39737,0.7472159,0.34065318,0.08114408,0.034457542,0.17225249,16.679647,16.63597,-1.5820757,-1.5754546,3.418518,0.34092486,169.5651,0.34113032,2027.7965,33.796688,33.88148,15.500492,15175.314,23.918257,3.4185865,1.3623406,3.4099107,0.34146136,8.81709,3.417262,3.4192486,0.10487351,0.67218626,0.3412559,1.7081985,0.002997,0.007427,0.01187,0.01542,0.01799,0.01955,0.02049,0.02106,0.02087,0.02073,0.02085,0.0201,0.02026,0.02217,0.03371,0.02821,0.02974,0.0372,0.0454,0.04718,0.05497,0.05384,0.05955,0.06906,0.0636,0.06403,0.06469,0.07513,0.1283,0.1161,0.1176,0.1193,0.1209,0.1228,0.1229,0.1248,0.1258,0.1261,0.1267,0.1273,0.1331,0.1305,0.1302,0.1298,0.1304,0.1297,0.1302,0.1403,0.1355,0.1349,0.1342,0.133,0.1323,0.1338,0.1506,0.147,0.1946,0.1822,0.1865,0.1821,0.2013,0.2271,0.2183,0.217,0.2121,0.2081,0.2059,0.2035,0.204,0.2033,0.202,0.2011,0.2302,0.2667,0.2595,0.2587,0.2665,0.2595,0.2557,0.2512,0.2497,0.2496,0.262,0.251,0.2511,0.2609,0.253,0.2496,0.2489,1.0
0.5380318,95.07071,52.96066,0.5295309,0.52694225,0.52971905,0.52847177,1.0176138,0.52938974,51.176388,65.88673,80.53819,87.94336,1.0601453,28.830088,11.536739,110.757065,1.1069795,0.5280484,0.11526124,0.0534309,0.26423466,26.006857,26.004772,0.29436812,0.29907253,5.2918954,0.5285309,265.22003,0.52896637,3174.7827,52.874508,52.99265,22.534761,19466.793,31.700035,5.2948384,2.1201057,5.2857795,0.52920157,13.18332,5.2938976,5.295309,0.15846428,0.76418763,0.5287661,2.0532036,0.01155,0.02415,0.03268,0.03698,0.03802,0.03831,0.03765,0.03727,0.0367,0.03608,0.03543,0.03556,0.03515,0.03642,0.07551,0.07821,0.08626,0.1107,0.1389,0.1523,0.1796,0.1871,0.2071,0.2372,0.2315,0.2396,0.2448,0.2769,0.9004,0.6784,0.6391,0.6141,0.596,0.5971,0.591,0.5875,0.5814,0.5806,0.5867,0.5869,0.5885,0.5856,0.587,0.59,0.5958,0.5919,0.5967,0.6422,0.6218,0.6232,0.6248,0.6263,0.6238,0.6276,0.6885,0.6722,0.8239,0.7512,0.7538,0.7372,0.7958,0.8639,0.8135,0.8013,0.7951,0.7915,0.7877,0.7848,0.7819,0.7824,0.7771,0.7778,0.8813,0.9602,0.907,0.8943,0.8952,0.881,0.8744,0.8682,0.8617,0.8539,0.8903,0.8656,0.857,0.8791,0.8602,0.8512,0.8426,1.0
0.16011399,66.12478,36.772,0.37072212,0.3686202,0.3709752,0.36998752,0.92367196,0.3705323,44.718903,61.01927,77.30945,85.509636,0.73600376,21.528908,8.61789,79.97853,0.80243915,0.36941808,0.08638102,0.037369926,0.18637162,18.111362,18.074068,-1.2940441,-1.2877172,3.706079,0.36972213,184.248,0.3699629,2203.8572,36.72511,36.81502,16.580242,15834.05,25.11275,3.7065885,1.4786564,3.697854,0.37027925,9.487301,3.7053232,3.7072213,0.11309962,0.6863084,0.37003848,1.7611563,0.003844,0.009371,0.01457,0.01856,0.02111,0.02269,0.02325,0.02368,0.02344,0.02317,0.02292,0.02242,0.02252,0.02403,0.03733,0.03206,0.03464,0.04263,0.05299,0.05498,0.06505,0.06496,0.07151,0.08373,0.07732,0.07812,0.07871,0.09264,0.1506,0.1329,0.1359,0.1378,0.1405,0.1435,0.1454,0.147,0.1491,0.1509,0.1529,0.1538,0.1591,0.159,0.1591,0.1607,0.1615,0.1618,0.1628,0.1747,0.1687,0.1693,0.1706,0.1708,0.1711,0.1738,0.1902,0.1857,0.2261,0.206,0.2116,0.2088,0.2266,0.2494,0.2354,0.2364,0.237,0.2362,0.2366,0.237,0.2375,0.2375,0.2379,0.2404,0.272,0.2941,0.28,0.2809,0.2882,0.2837,0.285,0.2857,0.2868,0.2881,0.3035,0.2966,0.2973,0.3102,0.3045,0.3059,0.3058,1.0
1.0159627,115.66559,64.47881,0.6425225,0.6395875,0.6426645,0.64123255,1.084453,0.642416,55.77086,69.34989,82.83543,89.67495,1.2907703,34.02484,13.613486,132.65582,1.3236583,0.640913,0.13580936,0.0648582,0.31963378,31.624462,31.647427,1.4245151,1.4280652,6.420195,0.6415225,322.8312,0.6420965,3865.5913,64.36472,64.50295,26.77137,22051.47,36.386856,6.42487,2.5764935,6.4155803,0.642274,15.813019,6.42416,6.4252253,0.190741,0.8195983,0.6417,2.2609935,0.02029,0.03794,0.04654,0.04934,0.04923,0.04852,0.04785,0.04719,0.04779,0.04602,0.04631,0.04467,0.04406,0.04803,0.1431,0.1599,0.1828,0.4455,0.5589,0.5634,0.6482,0.6406,0.6869,0.7695,0.7191,0.7195,0.7239,0.8036,1.554,1.317,1.313,1.316,1.324,1.344,1.353,1.363,1.373,1.379,1.388,1.386,1.389,1.388,1.384,1.379,1.377,1.366,1.36,1.402,1.369,1.354,1.34,1.321,1.308,1.298,1.341,1.318,1.505,1.401,1.388,1.355,1.408,1.484,1.413,1.387,1.36,1.343,1.317,1.301,1.279,1.266,1.252,1.232,1.356,1.47,1.393,1.364,1.365,1.341,1.319,1.302,1.282,1.266,1.303,1.268,1.254,1.275,1.241,1.229,1.209,1.0
0.15441847,65.27046,36.2942,0.366035,0.36394745,0.36629,0.36530998,0.92089933,0.36584377,44.528313,60.875614,77.21416,85.437805,0.726437,21.31342,8.531743,79.07013,0.7934509,0.36473623,0.08552864,0.0368959,0.18407357,17.878332,17.84,-1.3409249,-1.33455,3.6592748,0.36503503,181.85818,0.36527005,2175.2012,36.248474,36.33755,16.404501,15726.833,24.918331,3.6597126,1.4597245,3.6509876,0.36558878,9.378216,3.6584377,3.66035,0.11176072,0.6840098,0.36535376,1.7525368,0.003703,0.009041,0.01402,0.01796,0.02055,0.02226,0.02286,0.02333,0.02337,0.02296,0.02251,0.0219,0.02193,0.02356,0.03665,0.03114,0.03392,0.04181,0.05183,0.05392,0.06292,0.06309,0.06971,0.08107,0.07571,0.076,0.07728,0.09034,0.147,0.13,0.1325,0.1342,0.1364,0.1394,0.1405,0.1422,0.1443,0.1459,0.1477,0.1489,0.155,0.1545,0.154,0.1549,0.1558,0.1562,0.1573,0.1691,0.1642,0.1655,0.1646,0.1647,0.1658,0.1662,0.1833,0.179,0.2191,0.1996,0.2044,0.2017,0.2187,0.2409,0.2275,0.229,0.2271,0.2278,0.2292,0.2287,0.2292,0.2286,0.2288,0.2293,0.2614,0.284,0.2694,0.2704,0.2756,0.273,0.2734,0.2746,0.2738,0.2739,0.2917,0.2843,0.2832,0.2953,0.2915,0.291,0.2927,1.0
0.12715256,62.46322,34.72419,0.35063338,0.34859303,0.3508947,0.34993982,0.91178864,0.35043743,43.902054,60.403557,76.901024,85.20178,0.695001,20.605335,8.248667,76.08516,0.7639159,0.3493519,0.082727775,0.03533827,0.17652224,17.11261,17.070862,-1.4949726,-1.4884404,3.5054789,0.3496334,174.00534,0.34984952,2081.0388,34.68227,34.76861,15.827018,15374.521,24.27948,3.5056808,1.3975154,3.496987,0.35017613,9.019768,3.5043743,3.5063338,0.10736115,0.6764569,0.34996,1.7242135,0.003222,0.007966,0.01259,0.0163,0.01882,0.02066,0.02147,0.02195,0.02187,0.02156,0.02153,0.021,0.02079,0.02264,0.03456,0.02898,0.03119,0.03807,0.04747,0.04906,0.05755,0.05659,0.06254,0.07324,0.06726,0.0671,0.06782,0.07918,0.1308,0.1136,0.1151,0.1175,0.119,0.1211,0.1209,0.1222,0.1239,0.1253,0.1259,0.1278,0.1325,0.1305,0.1303,0.1321,0.1316,0.1309,0.131,0.141,0.1349,0.1351,0.1345,0.1352,0.1358,0.137,0.1522,0.1466,0.1828,0.1645,0.168,0.1659,0.1807,0.2004,0.1856,0.1859,0.184,0.1842,0.1823,0.1823,0.1814,0.1809,0.181,0.1814,0.2112,0.2308,0.2165,0.2155,0.221,0.219,0.2185,0.2172,0.2172,0.2159,0.2317,0.2234,0.2229,0.2346,0.2274,0.2282,0.227,1.0
0.07452875,170.02509,94.88058,0.9407601,0.936911,0.94078016,0.93886065,1.2608726,0.94074494,67.897804,78.49081,88.8989,94.24541,1.8994973,47.73621,19.094988,190.45686,1.8955748,0.9388154,0.19004545,0.09502017,0.46585795,46.45194,46.54102,4.4075,4.408003,9.398305,0.93976,474.89395,0.9406997,5688.9565,94.69275,94.883995,37.953754,28873.639,48.757557,9.40755,3.7811134,9.397651,0.94072485,22.754019,9.40745,9.4076,0.2759343,0.9658529,0.9397852,2.8094485,0.0582,0.07865,0.0805,0.07842,0.07648,0.07621,0.07462,0.07315,1.0
0.15648557,65.646065,36.504265,0.3680957,0.36600184,0.36834985,0.36736646,0.9221183,0.3679051,44.612106,60.938774,77.25605,85.46938,0.73064303,21.40816,8.569617,79.46951,0.79740256,0.36679462,0.08590339,0.037104305,0.18508391,17.980783,17.942907,-1.3203137,-1.31396,3.6798522,0.3670957,182.90887,0.36733326,2187.7998,36.458027,36.54747,16.481766,15773.971,25.003807,3.6803217,1.468048,3.6715925,0.36765096,9.426175,3.679051,3.680957,0.11234937,0.6850204,0.3674134,1.7563264,0.003748,0.009228,0.01426,0.01822,0.0208,0.02247,0.02303,0.02347,0.0235,0.02313,0.02264,0.02212,0.02214,0.02361,0.03709,0.03148,0.03411,0.04222,0.05277,0.05407,0.06422,0.06397,0.07069,0.08238,0.07577,0.07645,0.07784,0.09119,0.1484,0.1317,0.1339,0.1356,0.1384,0.1414,0.1427,0.1443,0.1457,0.148,0.1491,0.1513,0.158,0.1554,0.1562,0.1572,0.1582,0.1594,0.1589,0.1719,0.1663,0.168,0.1659,0.1679,0.1671,0.1684,0.1862,0.1819,0.2218,0.2028,0.2083,0.2049,0.2229,0.2447,0.23,0.2306,0.2305,0.23,0.2315,0.2317,0.2322,0.231,0.2321,0.2335,0.264,0.2869,0.2732,0.272,0.2797,0.2777,0.2773,0.2782,0.279,0.2788,0.2943,0.2884,0.2877,0.2998,0.2951,0.2965,0.2961,1.0
0.47390413,90.59319,50.45651,0.5049655,0.5024521,0.50516367,0.50395656,1.0030824,0.50481683,50.17751,65.133804,80.03876,87.5669,1.0100054,27.7007,11.085236,105.99607,1.0598714,0.5035106,0.11079389,0.0509465,0.25219038,24.78554,24.778006,0.048663747,0.053619146,5.046592,0.5039655,252.69484,0.5043708,3024.5947,50.37643,50.490204,21.613684,18904.86,30.681078,5.049159,2.0208828,5.04015,0.5046186,12.6116,5.048168,5.049655,0.15144703,0.7521408,0.5042133,2.008028,0.009988,0.02152,0.02941,0.03384,0.03579,0.03594,0.03552,0.03504,0.03457,0.03376,0.03356,0.03331,0.03298,0.03369,0.06831,0.06972,0.07604,0.09678,0.122,0.1332,0.1565,0.1638,0.1803,0.2076,0.2018,0.2072,0.2131,0.2416,0.7697,0.5778,0.5473,0.5285,0.5135,0.519,0.5105,0.5108,0.5091,0.5075,0.5077,0.508,0.5097,0.5091,0.5125,0.5102,0.509,0.5165,0.5179,0.5566,0.5411,0.5363,0.5407,0.5385,0.5368,0.5406,0.6016,0.5843,0.728,0.6561,0.6603,0.6461,0.7038,0.767,0.7207,0.7156,0.7066,0.7029,0.7002,0.6977,0.6946,0.6888,0.6885,0.6904,0.7874,0.8559,0.8049,0.7911,0.8023,0.788,0.7795,0.7737,0.7678,0.7628,0.7999,0.778,0.7715,0.7923,0.7759,0.7694,0.7621,1.0
1.1088008,119.29111,66.50646,0.66241354,0.65941757,0.6625474,0.6610829,1.0962193,0.66231316,56.579666,69.95955,83.23984,89.979774,1.3313695,34.939323,13.979076,136.51088,1.3618025,0.6607817,0.13942665,0.066869855,0.32938623,32.613384,32.64076,1.623466,1.6268129,6.618821,0.66141355,332.97308,0.6620119,3987.2012,66.38746,66.52922,27.517181,22506.477,37.21192,6.6238008,2.6568358,6.61447,0.6621793,16.275951,6.6231313,6.6241355,0.196423,0.8293528,0.66158086,2.2975729,0.02221,0.04051,0.04892,0.05137,0.05109,0.05076,0.04956,0.0487,0.04917,0.04792,0.04798,0.04759,0.04689,0.0493,0.2897,0.1712,0.2003,0.5273,0.6526,0.6594,0.7536,0.7484,0.7955,0.8859,0.8325,0.8385,0.8416,0.9238,1.786,1.534,1.534,1.543,1.559,1.572,1.582,1.596,1.598,1.599,1.605,1.6,1.592,1.586,1.573,1.558,1.549,1.536,1.515,1.519,1.495,1.475,1.462,1.438,1.413,1.398,1.441,1.406,1.597,1.494,1.47,1.438,1.485,1.566,1.488,1.453,1.429,1.407,1.38,1.362,1.339,1.317,1.302,1.281,1.415,1.533,1.446,1.413,1.414,1.382,1.365,1.341,1.325,1.309,1.351,1.313,1.295,1.318,1.29,1.273,1.256,1.0
0.037298292,33.01034,18.252007,0.1890433,0.18749821,0.18937063,0.18867992,0.81620157,0.18879782,37.33147,55.45086,73.61574,82.725426,0.36518258,13.176286,5.2786975,44.76759,0.45404196,0.18794344,0.053341754,0.018996011,0.097295545,9.0788355,9.001264,-3.1112037,-3.1030204,1.8918893,0.18804331,91.61519,0.18806134,1093.1089,18.250036,18.307652,9.768215,11678.156,17.576826,1.8896147,0.74483216,1.8812513,0.1884705,5.2590175,1.8879781,1.8904331,0.06120199,0.59721375,0.18845245,1.4270514,0.000435,0.001211,0.002159,0.003215,0.004241,0.005197,0.00608,0.006798,0.007471,0.007942,0.00851,0.008694,0.008907,0.009938,0.01313,0.01047,0.01115,0.0129,0.01566,0.01452,0.01749,0.01613,0.01756,0.02099,0.01785,0.01758,0.01768,0.02192,0.0379,0.02901,0.02904,0.02936,0.02991,0.03045,0.03084,0.03213,0.0318,0.03231,0.03232,0.03245,0.03452,0.03332,0.03352,0.03347,0.0334,0.03448,0.03412,0.0384,0.03593,0.03556,0.03591,0.03621,0.03585,0.03673,0.04326,0.0406,0.05695,0.04607,0.04823,0.04655,0.05398,0.0615,0.05437,0.0544,0.05456,0.05393,0.05421,0.05396,0.05381,0.05375,0.05324,0.0533,0.06769,0.07611,0.06736,0.06645,0.06942,0.06821,0.06852,0.06853,0.06811,0.06885,0.07583,0.07228,0.07201,0.07784,0.07407,0.07342,0.07341,1.0
2.8735235,162.97595,90.938194,0.9020858,0.89835525,0.9021217,0.9002654,1.2379951,0.90205884,66.325226,77.30545,88.11262,93.652725,1.82056,45.95817,18.384167,182.96146,1.8214109,0.9001846,0.18301234,0.09110888,0.44689617,44.529167,44.609676,4.020678,4.0215764,9.0121155,0.9010858,455.17508,0.901978,5452.51,90.759926,90.9443,36.503666,27988.967,47.153374,9.020768,3.624903,9.010947,0.9020229,21.853937,9.020588,9.020858,0.2648868,0.9468872,0.9011307,2.738327,0.05195,0.0736,0.07661,0.07518,0.07405,0.07272,0.07071,0.07049,0.06826,0.06806,0.06562,0.06271,0.06068,0.05995,6.757,2.766,2.268,2.011,2.557,2.29,2.325,2.105,2.114,2.245,2.095,2.048,2.006,2.102,16.34,10.53,7.229,3.654,3.545,3.474,3.469,3.472,3.457,3.442,3.386,3.309,3.219,3.124,3.046,2.942,2.847,2.767,2.684,2.62,2.542,2.484,2.418,2.347,2.29,2.219,2.289,2.202,3.01,2.803,2.812,2.783,2.753,3.064,3.063,3.121,3.18,3.209,3.227,3.232,3.224,3.196,3.139,3.052,3.455,3.998,3.813,3.82,3.817,3.823,3.81,3.792,3.742,3.703,3.76,3.679,3.624,3.649,3.571,3.465,3.368,1.0
4.5783653,171.92542,95.943375,0.951186,0.94730496,0.95120186,0.9492653,1.2670399,0.95117414,68.32175,78.810356,89.11087,94.40518,1.9207776,48.215538,19.286612,192.47751,1.9155682,0.9492296,0.19194147,0.09607458,0.47096974,46.970284,47.06168,4.5117807,4.5121775,9.502416,0.950186,480.20987,0.95113844,5752.6987,95.752975,95.946075,38.344673,29112.133,49.19002,9.511821,3.8232253,9.5019,0.9511582,22.996666,9.511741,9.51186,0.27891254,0.97096574,0.95020586,2.8286216,0.05968,0.07976,0.0813,0.07955,0.07772,0.07739,0.0749,0.07382,0.07318,0.07067,0.06893,0.06595,0.06265,28.65,71.63,30.02,11.34,12.07,7.884,3.029,3.123,3.009,3.081,6.22,3.016,3.059,3.134,3.305,15.91,8.941,6.511,4.353,4.487,5.12,3.859,3.703,3.592,3.553,3.528,3.49,3.436,3.357,3.267,3.153,3.048,4.166,3.549,3.409,3.282,3.131,3.007,2.882,2.771,2.696,2.753,2.623,6.849,3.01,2.927,2.856,2.923,4.486,3.372,3.219,3.131,3.04,2.942,2.863,2.779,2.699,2.637,2.556,3.019,3.356,3.074,2.975,2.943,2.811,2.734,2.636,2.562,2.483,2.495,2.351,2.256,2.243,2.13,2.046,1.979,1.0
0.012686861,17.331905,9.48349,0.10302525,0.10174381,0.10338773,0.10283762,0.7653184,0.10275339,33.8338,52.814423,71.8669,81.40721,0.18961276,9.221635,3.6977158,28.096537,0.28908908,0.10202205,0.037698913,0.010296659,0.055121392,4.802276,4.7056336,-3.9715598,-3.962498,1.0329391,0.10202525,47.757057,0.10193783,567.2115,9.502788,9.545111,6.542978,9710.498,14.008853,1.0293463,0.3973941,1.0211587,0.10239092,3.2570853,1.0275339,1.0302525,0.036630426,0.55503076,0.10247834,1.2688653,5.781e-05,0.0001645,0.0003062,0.0005449,0.0006988,0.0009174,0.001138,0.001336,0.001561,0.001793,0.002045,0.00216,0.002371,0.002642,0.003533,0.003069,0.003244,0.00393,0.004924,0.004501,0.005427,0.004931,0.005455,0.006687,0.005612,0.005582,0.00562,0.007241,0.01321,0.009126,0.009077,0.008955,0.009097,0.00947,0.009466,0.009978,0.00981,0.01,0.01014,0.01036,0.01108,0.01062,0.01073,0.01071,0.01089,0.01087,0.01081,0.01252,0.01152,0.01148,0.01157,0.01151,0.0115,0.01218,0.0148,0.01366,0.02066,0.01567,0.01617,0.01553,0.01855,0.02152,0.01824,0.01833,0.0184,0.01843,0.01848,0.01874,0.01876,0.0187,0.01873,0.01894,0.02517,0.0282,0.02364,0.02366,0.02474,0.02423,0.02422,0.02459,0.02488,0.02511,0.02861,0.02634,0.02638,0.02953,0.02774,0.02777,0.02784,1.0
0.05956238,43.618423,24.184814,0.24724342,0.24551995,0.24754696,0.24676111,0.85062927,0.24701576,39.698006,57.234676,74.799,83.61734,0.4839737,15.852016,6.348395,56.04728,0.5656497,0.24607815,0.06392576,0.024882024,0.12583072,11.972371,11.9077015,-2.5290835,-2.521495,2.473058,0.24624342,121.28976,0.24633281,1448.9329,24.168455,24.236416,11.950422,13009.481,19.99093,2.4716754,0.97990996,2.463193,0.24671222,6.613532,2.4701576,2.4724343,0.07782719,0.62575483,0.24662285,1.5340806,0.001039,0.002835,0.004873,0.006788,0.008577,0.01002,0.01118,0.01219,0.01274,0.01306,0.01339,0.01337,0.01343,0.01477,0.02061,0.01601,0.01683,0.02013,0.02383,0.02315,0.02783,0.02564,0.02854,0.03382,0.02935,0.0291,0.02924,0.03514,0.06089,0.04875,0.04938,0.04955,0.04997,0.05084,0.05214,0.05346,0.05329,0.05349,0.05405,0.05374,0.05682,0.05519,0.05497,0.0554,0.05503,0.05533,0.05529,0.06119,0.05788,0.05786,0.0579,0.05749,0.057,0.05752,0.06848,0.06515,0.08691,0.07375,0.0763,0.07362,0.08377,0.09515,0.08533,0.08568,0.08498,0.08444,0.0845,0.08451,0.08352,0.08338,0.08381,0.08307,0.1021,0.1151,0.1052,0.1065,0.111,0.1089,0.1089,0.1084,0.1096,0.1095,0.1199,0.115,0.1141,0.1221,0.119,0.1192,0.1183,1.0
0.1893557,67.697014,37.65131,0.37934804,0.37721968,0.3795976,0.3785958,0.92877454,0.37916088,45.06965,61.283653,77.484825,85.64183,0.75360996,21.925482,8.776432,81.650314,0.8189807,0.37803432,0.087949686,0.0382423,0.19060087,18.540216,18.504835,-1.2077672,-1.2015284,3.7922149,0.37834805,188.64612,0.3785994,2256.5945,37.602287,37.693733,16.903671,16031.368,25.470547,3.7928567,1.5134977,3.7841043,0.37891135,9.688055,3.7916088,3.7934804,0.11556367,0.69053847,0.37866,1.7770193,0.004137,0.01004,0.01547,0.01945,0.0221,0.02355,0.02448,0.02423,0.02436,0.02369,0.02356,0.0232,0.02321,0.02449,0.04056,0.03725,0.04013,0.04968,0.06144,0.06447,0.07673,0.07734,0.08586,0.09885,0.09402,0.09551,0.09675,0.1127,0.3064,0.1516,0.1557,0.1598,0.1636,0.1676,0.1705,0.1732,0.1764,0.1786,0.1812,0.1835,0.188,0.1875,0.1894,0.19,0.1909,0.1927,0.194,0.2074,0.2016,0.2029,0.204,0.2033,0.2044,0.2068,0.2243,0.221,0.2647,0.2448,0.2492,0.2484,0.2662,0.2899,0.278,0.278,0.2777,0.2796,0.2792,0.2802,0.2815,0.2815,0.281,0.2834,0.3183,0.3412,0.3282,0.3294,0.3364,0.3332,0.334,0.3343,0.3352,0.3355,0.3532,0.3456,0.3471,0.3585,0.3564,0.3545,0.3548,1.0
0.7344234,104.45667,58.209972,0.581026,0.5782795,0.58119315,0.57986164,1.0480752,0.58090067,53.270287,67.46504,81.585144,88.73252,1.165251,31.19756,12.483202,120.73727,1.2057292,0.5794856,0.1246259,0.058638807,0.2894824,28.56704,28.57637,0.8094244,0.81360275,5.80611,0.58002603,291.47592,0.5805246,3489.6138,58.111088,58.238384,24.465565,20644.74,33.836018,5.809842,2.3281012,5.800678,0.58073354,14.381786,5.8090067,5.8102603,0.17317416,0.78944063,0.58023494,2.1479023,0.01513,0.03016,0.03905,0.04261,0.04342,0.04346,0.04306,0.04143,0.04158,0.04111,0.04027,0.04125,0.0394,0.04187,0.09808,0.1056,0.1172,0.1562,0.1972,0.218,0.4434,0.2526,0.4812,0.5451,0.479,0.4697,0.4667,0.5363,1.054,0.8482,0.8267,0.8179,0.8155,0.8251,0.8278,0.8284,0.8366,0.844,0.8437,0.8565,0.8571,0.8638,0.8627,0.8671,0.8698,0.8752,0.8803,0.9231,0.9135,0.9075,0.9062,0.9023,0.9021,0.9016,0.9596,0.9423,1.116,1.032,1.038,1.019,1.072,1.144,1.088,1.076,1.064,1.06,1.052,1.039,1.028,1.021,1.015,1.011,1.126,1.216,1.159,1.145,1.145,1.122,1.11,1.099,1.085,1.08,1.113,1.084,1.073,1.094,1.066,1.059,1.044,1.0
1.3031688,124.60565,69.47874,0.6915712,0.68848586,0.6916931,0.69018096,1.1134672,0.69147974,57.765278,70.853226,83.83264,90.42661,1.3908826,36.279835,14.514983,142.1619,1.4177167,0.6899066,0.14472914,0.06981869,0.34368208,34.063015,34.096855,1.9151022,1.9181511,6.9099803,0.6905712,347.83972,0.6912053,4165.4653,69.35252,69.49947,28.610445,23173.457,38.421364,6.915407,2.7746074,6.906017,0.6913578,16.954548,6.9147973,6.915712,0.20475204,0.8436516,0.69072366,2.3511934,0.02501,0.0447,0.05286,0.05452,0.0544,0.05299,0.05304,0.05292,0.05087,0.05028,0.05011,0.0501,0.04892,0.0521,0.3924,0.3749,0.4028,0.7297,0.8965,0.9079,1.02,1.018,1.079,1.184,1.134,1.139,1.149,1.245,2.425,2.18,2.177,2.182,2.182,2.175,2.15,2.134,2.109,2.083,2.058,2.028,1.999,1.965,1.931,1.893,1.857,1.819,1.785,1.747,1.721,1.688,1.65,1.616,1.583,1.549,1.583,1.536,1.745,1.624,1.596,1.549,1.602,1.682,1.592,1.551,1.523,1.493,1.467,1.444,1.413,1.392,1.368,1.343,1.489,1.615,1.523,1.495,1.487,1.461,1.435,1.419,1.399,1.38,1.436,1.398,1.384,1.408,1.385,1.361,1.353,1.0
0.00025396698,2.4947264,1.1854646,0.021622647,0.020590702,0.022018388,0.02160135,0.7171654,0.021325842,30.523806,50.31945,70.21191,80.15973,0.023463465,5.4791775,2.2015646,12.32,0.13298704,0.020710934,0.022895414,0.0020640844,0.015210164,0.75518274,0.64049345,-4.7857523,-4.775859,0.2200774,0.020622646,6.252208,0.020435425,69.532005,1.2248877,1.2527406,3.490796,7848.4175,10.632325,0.21523711,0.06859842,0.20721582,0.0209301,1.3625704,0.21325842,0.21622647,0.01337729,0.5151112,0.021117322,1.1191671,0.0,0.0,0.0,2.795e-06,2.535e-07,2.058e-08,6.17e-09,1.091e-09,1.394e-06,8.475e-08,1.242e-06,7.395e-08,1.946e-08,3.761e-06,4.804e-05,1.619e-05,1.538e-05,4.557e-05,9.553e-05,6.062e-05,0.0001098,6.288e-05,8.744e-05,0.0001558,7.312e-05,6.614e-05,5.67e-05,0.0001562,0.0005781,0.0002443,0.0002115,0.0001986,0.0001786,0.0001717,0.000145,0.0001548,0.0001409,0.0001407,0.0001125,0.0001188,0.0001606,0.0001336,0.0001284,0.0001193,0.0001081,0.0001127,0.0001104,0.0002328,0.0001655,0.0001463,0.0001311,0.0001402,0.0001307,0.0001588,0.0003848,0.0002414,0.0007136,0.0003389,0.0003543,0.0002925,0.000504,0.000686,0.0004033,0.0003684,0.0003391,0.0003397,0.0003298,0.0003204,0.0003164,0.000323,0.0003127,0.0003116,0.0008542,0.0009708,0.0005692,0.0005349,0.0005931,0.0005018,0.0005062,0.0004697,0.0004699,0.0004863,0.0007841,0.000555,0.0005225,0.0007706,0.000589,0.0005603,0.0005525,1.0
0.102312304,55.85409,31.027887,0.3143731,0.31244388,0.31464922,0.31375363,0.8903392,0.31416604,42.427635,59.292187,76.16382,84.646095,0.6209908,18.938282,7.5822153,69.0576,0.6943812,0.3131324,0.076133646,0.03167112,0.15874402,15.309857,15.260071,-1.8576494,-1.8507469,3.1433947,0.31337312,155.51726,0.31354478,1859.3506,30.99493,31.074823,14.4674425,14545.069,22.775427,3.143041,1.2510555,3.1344213,0.31388992,8.175868,3.1416602,3.143731,0.09700319,0.658675,0.31371823,1.6575313,0.002261,0.005839,0.009475,0.01272,0.01511,0.0167,0.01792,0.01849,0.01872,0.01892,0.01865,0.01805,0.01819,0.01976,0.03004,0.02429,0.02586,0.03142,0.03816,0.0384,0.04552,0.04372,0.04822,0.0563,0.05073,0.05066,0.05076,0.06035,0.1007,0.0854,0.08602,0.08726,0.08857,0.08972,0.09069,0.09119,0.09224,0.09246,0.09312,0.09302,0.09834,0.09616,0.09652,0.09628,0.09602,0.09594,0.09574,0.1049,0.1008,0.1005,0.09983,0.09982,0.09899,0.09973,0.1135,0.1102,0.1412,0.1229,0.1269,0.123,0.1382,0.155,0.144,0.145,0.1448,0.1448,0.1438,0.144,0.144,0.1434,0.1433,0.1432,0.1692,0.1921,0.1853,0.186,0.1928,0.1916,0.1926,0.1924,0.1937,0.1954,0.2092,0.2026,0.2034,0.2162,0.2108,0.2121,0.214,1.0
0.010401481,15.492837,8.454949,0.09293539,0.09168488,0.09330199,0.09276838,0.7593498,0.09266044,33.423527,52.505173,71.661766,81.25259,0.16901855,8.757757,3.5122678,26.141033,0.26974022,0.09194354,0.035864018,0.009276231,0.050174393,4.3006387,4.2017593,-4.0724792,-4.063314,0.9321849,0.091935396,42.61253,0.0918356,505.52405,8.476741,8.517271,6.1646595,9479.693,13.590332,0.9284374,0.35663983,0.92027044,0.09229384,3.0222602,0.92660445,0.92935395,0.0337482,0.55008274,0.09239364,1.2503103,4.107e-05,0.0001119,0.0002136,0.0003909,0.0004943,0.0006545,0.0008114,0.0009751,0.001157,0.001303,0.001515,0.001661,0.001792,0.002022,0.002785,0.002421,0.00256,0.003094,0.003944,0.003527,0.004411,0.00399,0.004385,0.005397,0.004633,0.004538,0.004639,0.005888,0.01096,0.007585,0.007382,0.007451,0.007471,0.007797,0.007682,0.008108,0.008059,0.008198,0.008329,0.00833,0.009058,0.008689,0.008748,0.008732,0.008879,0.008838,0.009052,0.01025,0.009391,0.009295,0.009361,0.009532,0.009482,0.009888,0.01224,0.01128,0.01713,0.01282,0.01329,0.01265,0.0153,0.01771,0.01512,0.01517,0.0151,0.01508,0.01518,0.01529,0.01532,0.01552,0.01556,0.01552,0.02091,0.02347,0.01957,0.01936,0.02058,0.01975,0.01999,0.01997,0.02041,0.02068,0.02362,0.0218,0.02166,0.02424,0.0229,0.02283,0.02281,1.0
0.0020097976,9.350268,5.0195804,0.059234846,0.05808762,0.059615217,0.059136696,0.7394146,0.05894957,32.053196,51.472256,70.9766,80.73613,0.10023301,7.208386,2.8928635,19.609573,0.20511423,0.058280863,0.029735394,0.005867958,0.03365121,2.6251485,2.5187979,-4.4095535,-4.400044,0.5956614,0.058234848,25.429588,0.058093738,299.48557,5.049704,5.0842433,4.9010615,8708.795,12.192455,0.5913975,0.22051896,0.5832994,0.0585692,2.237934,0.5894957,0.59234846,0.024121437,0.5335561,0.05871031,1.1883354,0.0,0.0,0.0,7.962e-06,4.776e-07,1.264e-07,6.588e-09,9.768e-10,5.214e-06,1.436e-06,5.634e-06,1.395e-06,3.571e-06,7.344e-06,9.525e-05,3.531e-05,3.185e-05,0.0001076,0.0002467,0.0001648,0.0003107,0.0002041,0.0002715,0.0004832,0.0002922,0.0002674,0.0002773,0.0005406,0.001859,0.0009848,0.0009358,0.0009057,0.0009006,0.0009561,0.0009582,0.001049,0.0009861,0.00103,0.001062,0.001042,0.001195,0.001157,0.001139,0.001152,0.001206,0.001206,0.001224,0.001579,0.001419,0.001348,0.001349,0.001368,0.001439,0.001513,0.002266,0.00188,0.003659,0.002421,0.002518,0.002395,0.003198,0.003956,0.003159,0.003076,0.003049,0.003128,0.003129,0.003153,0.003241,0.003265,0.003293,0.003331,0.005282,0.006049,0.004703,0.004597,0.004973,0.004713,0.004699,0.004865,0.004889,0.005007,0.00608,0.005432,0.005316,0.006344,0.005863,0.005783,0.005835,1.0
0.52221495,94.10416,52.420094,0.524228,0.52165556,0.52441835,0.5231797,1.0144769,0.5240852,50.960762,65.72419,80.43038,87.8621,1.0493217,28.586288,11.439274,109.72931,1.0968103,0.52275145,0.114296876,0.052894596,0.26163468,25.743214,25.739952,0.24132825,0.24608685,5.238942,0.523228,262.51624,0.52365696,3142.3618,52.33525,52.45245,22.33593,19345.488,31.480074,5.241804,2.0986865,5.2327557,0.5238949,13.059904,5.2408524,5.24228,0.15694948,0.7615871,0.52346593,2.0434515,0.0112,0.0236,0.03198,0.03609,0.03755,0.03791,0.0378,0.03677,0.03631,0.03593,0.03558,0.03487,0.0345,0.03605,0.07382,0.07695,0.08362,0.1078,0.1354,0.1481,0.1742,0.1815,0.2005,0.2302,0.2243,0.2323,0.2366,0.2686,0.8711,0.6571,0.619,0.5923,0.5788,0.5819,0.5748,0.5707,0.5657,0.5668,0.5652,0.5691,0.5696,0.5661,0.5699,0.574,0.5751,0.5739,0.5769,0.6212,0.6066,0.6012,0.602,0.6048,0.603,0.6081,0.6685,0.6493,0.7979,0.7263,0.7297,0.7154,0.7707,0.8357,0.7861,0.7837,0.7759,0.7698,0.7617,0.7603,0.7604,0.7563,0.7569,0.7517,0.8508,0.9316,0.879,0.8677,0.8741,0.8571,0.8494,0.8431,0.8343,0.8326,0.8673,0.8459,0.8377,0.8552,0.8387,0.8312,0.8202,1.0
1.1319001,120.067085,66.940445,0.66667086,0.66366184,0.666803,0.66533154,1.0987377,0.66657174,56.752777,70.090034,83.32639,90.04501,1.340059,35.13505,14.057323,137.33598,1.3699665,0.66503423,0.14020087,0.06730042,0.3314736,32.825047,32.853363,1.6660478,1.6693512,6.661333,0.6656709,335.14377,0.6662744,4013.2295,66.82039,66.962906,27.67681,22603.861,37.38851,6.666378,2.6740317,6.6570387,0.6664396,16.375032,6.6657176,6.6667085,0.19763912,0.83144057,0.66583604,2.305402,0.0226,0.04115,0.04934,0.05178,0.05154,0.05099,0.0504,0.04982,0.04858,0.04867,0.04795,0.04737,0.04668,0.04934,0.3041,0.1772,0.2071,0.5512,0.6788,0.6862,0.7786,0.7694,0.8207,0.9147,0.8656,0.8595,0.8685,0.9553,1.843,1.592,1.591,1.602,1.622,1.634,1.645,1.651,1.659,1.661,1.658,1.657,1.646,1.639,1.621,1.615,1.599,1.578,1.562,1.562,1.53,1.508,1.487,1.465,1.439,1.418,1.465,1.428,1.626,1.517,1.492,1.455,1.503,1.583,1.504,1.475,1.446,1.414,1.395,1.375,1.347,1.329,1.307,1.288,1.421,1.547,1.456,1.426,1.42,1.395,1.369,1.356,1.333,1.317,1.359,1.326,1.305,1.334,1.299,1.281,1.269,1.0
2.1647093,154.5608,86.23183,0.8559169,0.8523279,0.85597175,0.8541909,1.2106844,0.85587585,64.44791,75.89038,87.17396,92.94519,1.7263256,43.835575,17.5356,174.01353,1.7328751,0.8540676,0.17461628,0.08643964,0.42425984,42.23379,42.304066,3.5588953,3.5602653,8.551087,0.85491693,431.6349,0.8557525,5170.2427,86.06498,86.24114,34.77257,26932.857,45.23832,8.559032,3.4384212,8.549307,0.8558211,20.779432,8.558759,8.55917,0.25169837,0.92424613,0.8549854,2.653423,0.04522,0.06699,0.07099,0.07035,0.06955,0.06826,0.06791,0.06615,0.06547,0.06374,0.06303,0.05966,0.05944,0.05737,2.663,2.168,1.892,2.087,2.369,2.143,2.157,2.021,2.0,2.064,1.918,1.852,1.803,1.87,10.98,7.702,4.028,3.581,3.404,3.304,3.218,3.141,3.072,2.99,2.917,2.837,2.754,2.681,2.612,2.546,2.481,2.419,2.354,2.289,2.218,2.171,2.116,2.061,2.013,1.963,2.024,1.959,2.417,2.241,2.212,2.169,2.144,2.325,2.23,2.191,2.159,2.133,2.104,2.085,2.06,2.025,2.007,1.989,2.233,2.515,2.376,2.363,2.383,2.37,2.36,2.36,2.357,2.35,2.433,2.392,2.381,2.432,2.396,2.378,2.353,1.0
1.3754073,126.97889,70.80602,0.70459175,0.7014665,0.70470834,0.7031749,1.1211694,0.70450425,58.29472,71.252304,84.09736,90.62615,1.4174587,36.878452,14.754296,144.68538,1.4426856,0.70291245,0.14709698,0.071135506,0.35006598,34.710358,34.74708,2.045334,2.04825,7.0399995,0.7035917,354.47852,0.7042418,4245.0703,70.67659,70.82585,29.098648,23471.3,38.961445,7.0456257,2.827199,7.0362086,0.7043876,17.25758,7.0450425,7.045917,0.20847145,0.8500368,0.7037375,2.375138,0.02646,0.04611,0.05399,0.05617,0.05529,0.05444,0.05413,0.05274,0.05279,0.05204,0.05072,0.05148,0.04897,0.05472,0.4506,0.4394,0.4669,0.8413,1.016,1.022,1.138,1.132,1.196,1.3,1.258,1.257,1.268,1.368,2.846,2.536,2.483,2.446,2.405,2.371,2.34,2.299,2.26,2.226,2.194,2.152,2.107,2.064,2.028,1.991,1.945,1.909,1.865,1.825,1.789,1.746,1.706,1.666,1.631,1.601,1.632,1.582,1.795,1.671,1.638,1.59,1.637,1.722,1.628,1.594,1.56,1.528,1.502,1.474,1.444,1.42,1.4,1.377,1.517,1.655,1.554,1.524,1.512,1.487,1.459,1.442,1.427,1.409,1.464,1.429,1.413,1.438,1.415,1.398,1.38,1.0
0.10812003,56.620342,31.45643,0.31857708,0.31663495,0.31885147,0.317949,0.892826,0.3183713,42.598576,59.42104,76.24929,84.71052,0.6295715,19.131557,7.6594825,69.87237,0.70244294,0.31733164,0.07689816,0.032096285,0.16080521,15.518866,15.470012,-1.8156012,-1.8087416,3.1853743,0.31757706,157.66074,0.3177539,1885.0527,31.422434,31.503077,14.62507,14641.234,22.949804,3.1850848,1.2680358,3.1764567,0.3180969,8.273708,3.1837127,3.1857708,0.09820408,0.6607366,0.31792006,1.6652623,0.002393,0.006073,0.009847,0.01306,0.01541,0.01716,0.01834,0.01879,0.01904,0.01911,0.01888,0.0189,0.01836,0.01992,0.03018,0.02481,0.02652,0.03223,0.03887,0.03988,0.04683,0.04531,0.04988,0.05809,0.05219,0.05184,0.05215,0.06221,0.1035,0.08779,0.08997,0.09103,0.09213,0.09412,0.09415,0.09457,0.09461,0.09609,0.09641,0.09685,0.1013,0.09988,0.09971,0.09952,0.1007,0.1008,0.09988,0.1098,0.1044,0.1031,0.1037,0.1038,0.1029,0.1053,0.1184,0.1148,0.1458,0.129,0.1324,0.1296,0.1428,0.1634,0.1526,0.1543,0.1533,0.1539,0.1532,0.1537,0.153,0.1533,0.1527,0.1524,0.1797,0.2054,0.1981,0.2013,0.209,0.2075,0.2072,0.2087,0.2086,0.2115,0.2244,0.2204,0.2213,0.2319,0.2288,0.2279,0.2301,1.0
