Date,Q,SC,NO3
2017/9/1,0.665445905,763,
2017/9/2,0.61447558,767,
2017/9/3,0.574831994,779,
2017/9/4,0.577663679,779,
2017/9/5,1.030733231,692,
2017/9/6,3.171486864,762,
2017/9/7,1.597070171,722,
2017/9/8,1.172317466,568,
2017/9/9,1.039228285,540,
2017/9/10,0.889148996,562,
2017/9/11,0.770218238,598,
2017/9/12,0.702257806,616,
2017/9/13,0.665445905,634,
2017/9/14,0.730574653,661,
2017/9/15,0.690931067,658,
2017/9/16,0.679604328,676,
2017/9/17,0.66261422,700,
2017/9/18,0.645624112,713,
2017/9/19,0.761723184,720,
2017/9/20,0.682436013,658,
2017/9/21,0.620138949,716,
2017/9/22,0.591822102,741,
2017/9/23,0.608812211,751,
2017/9/24,0.569168625,769,
2017/9/25,0.555010201,784,
2017/9/26,0.535188408,789,
2017/9/27,0.526693354,797,
2017/9/28,0.549346832,801,
2017/9/29,0.450237867,825,
2017/9/30,0.455901237,837,
2017/10/1,0.489881453,829,
2017/10/2,0.504039877,843,
2017/10/3,0.512534931,840,
2017/10/4,0.529525039,846,
2017/10/5,0.526693354,851,
2017/10/6,0.724911283,810,
2017/10/7,0.770218238,751,
2017/10/8,0.628634003,779,
2017/10/9,17.81129676,473,
2017/10/10,10.53386708,506,
2017/10/11,3.68119011,531,
2017/10/12,2.466397374,582,
2017/10/13,2.052971408,625,
2017/10/14,1.585743432,663,
2017/10/15,1.220456106,694,
2017/10/16,1.044891654,711,
2017/10/17,0.948614375,718,
2017/10/18,0.872158888,723,
2017/10/19,0.804198455,723,
2017/10/20,0.778713293,722,
2017/10/21,0.750396446,727,
2017/10/22,0.707921175,731,
2017/10/23,0.70508949,746,
2017/10/24,1.339386863,683,
2017/10/25,1.214792736,717,
2017/10/26,1.328060124,782,
2017/10/27,1.08453524,786,
2017/10/28,1.514951315,725,
2017/10/29,1.51211963,721,
2017/10/30,1.74714946,759,
2017/10/31,1.682020712,761,
2017/11/1,1.676357342,763,
2017/11/2,10.73208501,630,
2017/11/3,21.6907048,495,
2017/11/4,13.45050233,469,
2017/11/5,13.76198764,493,
2017/11/6,84.38420406,334,
2017/11/7,36.52873263,361,
2017/11/8,14.01683927,429,
2017/11/9,8.268519324,543,
2017/11/10,5.861587329,585,
2017/11/11,4.615646061,611,
2017/11/12,3.936041733,627,
2017/11/13,3.596239569,643,
2017/11/14,2.888318394,662,
2017/11/15,2.557011284,690,
2017/11/16,2.551347915,703,
2017/11/17,2.576833077,719,
2017/11/18,84.66737253,469,
2017/11/19,294.4952088,201,
2017/11/20,69.09310668,337,
2017/11/21,30.01585782,423,
2017/11/22,18.4342674,484,
2017/11/23,12.54436322,528,
2017/11/24,9.939213297,557,
2017/11/25,8.381786712,587,
2017/11/26,6.965944362,608,
2017/11/27,6.031488411,625,
2017/11/28,5.09703246,642,
2017/11/29,4.389111285,665,
2017/11/30,4.049309121,694,
2017/12/1,3.822774345,716,
2017/12/2,3.539605875,732,
2017/12/3,3.086536323,744,
2017/12/4,2.916635241,751,
2017/12/5,3.143170017,747,
2017/12/6,3.228120558,765,
2017/12/7,3.001585782,762,
2017/12/8,2.562674654,752,
2017/12/9,2.554179599,768,
2017/12/10,2.429585473,759,
2017/12/11,2.242694282,760,
2017/12/12,2.075624885,754,
2017/12/13,1.897228749,804,
2017/12/14,2.118100156,802,
2017/12/15,2.353129986,831,
2017/12/16,2.474892428,821,
2017/12/17,2.726912366,819,
2017/12/18,2.944952088,805,
2017/12/19,3.907724886,770,
2017/12/20,4.53069552,726,
2017/12/21,4.190893356,751,
2017/12/22,3.426338487,761,
2017/12/23,4.870497684,782,
2017/12/24,12.85584854,701,
2017/12/25,8.4950541,673,
2017/12/26,3.482972181,760,
2017/12/27,2.282337868,765,
2017/12/28,2.024654561,787,
2017/12/29,1.905723803,819,
2017/12/30,1.829268316,831,
2017/12/31,1.766971253,859,
2018/1/1,1.701842505,899,
2018/1/2,1.673525658,911,
2018/1/3,1.594238486,922,
2018/1/4,1.529109738,908,
2018/1/5,1.503624576,914,
2018/1/6,1.500792891,946,
2018/1/7,1.500792891,970,
2018/1/8,1.455485936,972,
2018/1/9,1.396020557,,
2018/1/10,1.594238486,,
2018/1/11,33.69704793,,
2018/1/12,142.1505719,342,
2018/1/13,80.13667701,376,
2018/1/14,24.63565689,506,
2018/1/15,15.85743432,583,
2018/1/16,12.85584854,629,
2018/1/17,10.95861979,692,
2018/1/18,9.797629062,717,
2018/1/19,9.004757346,735,
2018/1/20,8.268519324,752,
2018/1/21,8.919806805,784,
2018/1/22,62.2970634,552,
2018/1/23,90.89707887,332,
2018/1/24,36.52873263,412,
2018/1/25,15.68753324,516,
2018/1/26,10.73208501,577,5.07
2018/1/27,9.91089645,614,4.76
2018/1/28,15.17782999,611,4.78
2018/1/29,11.46832304,618,4.79
2018/1/30,8.381786712,658,4.72
2018/1/31,6.116438952,705,4.98
2018/2/1,4.842180837,706,4.62
2018/2/2,4.105942815,752,4.56
2018/2/3,3.652873263,775,4.51
2018/2/4,3.426338487,769,4.09
2018/2/5,3.199803711,807,4.045
2018/2/6,3.001585782,828,3.72
2018/2/7,2.8316847,858,3.45
2018/2/8,2.701427204,872,3.14
2018/2/9,2.571169708,882,3.41
2018/2/10,2.474892428,906,2.82
2018/2/11,2.389941887,903,
2018/2/12,2.330476508,926,2.73
2018/2/13,2.537189491,935,3.04
2018/2/14,3.907724886,918,2.21
2018/2/15,33.41387946,690,2.443333333
2018/2/16,145.2654251,309,4.03
2018/2/17,45.59012367,401,5.29
2018/2/18,20.89783309,498,5.29
2018/2/19,78.15449772,435,3.9725
2018/2/20,118.9307574,284,2.856666667
2018/2/21,48.42180837,403,3.833333333
2018/2/22,67.9604328,387,3.106666667
2018/2/23,52.10299848,381,3.155
2018/2/24,37.94457498,453,3.74
2018/2/25,96.2772798,322,2.48
2018/2/26,39.92675427,372,3.1975
2018/2/27,20.07664452,477,3.64
2018/2/28,15.20614684,531,3.45
2018/3/1,65.69508504,465,1.78
2018/3/2,159.1406801,238,1.876666667
2018/3/3,69.65944362,305,2.746666667
2018/3/4,38.22774345,385,3.39
2018/3/5,25.40021176,451,3.443333333
2018/3/6,18.97228749,499,3.4
2018/3/7,15.85743432,534,3.29
2018/3/8,13.11070016,562,3.13
2018/3/9,11.24178826,587,2.97
2018/3/10,9.684361674,606,2.82
2018/3/11,8.580004641,626,2.83
2018/3/12,7.900400313,644,2.766666667
2018/3/13,7.164162291,658,2.56
2018/3/14,7.107528597,677,2.57
2018/3/15,7.164162291,685,2.3
2018/3/16,6.342973728,681,2.14
2018/3/17,5.918221023,693,2.2
2018/3/18,5.635052553,702,2.04
2018/3/19,5.436834624,699,1.79
2018/3/20,5.266933542,698,1.79
2018/3/21,5.38020093,726,1.64
2018/3/22,5.238616695,751,1.36
2018/3/23,5.38020093,731,1.19
2018/3/24,6.003171564,704,1.05
2018/3/25,6.059805258,715,0.98
2018/3/26,5.833270482,696,1.05
2018/3/27,7.050894903,605,1.23
2018/3/28,12.48772953,631,1.28
2018/3/29,23.6162504,582,1.955
2018/3/30,101.9406492,285,2.63
2018/3/31,30.86536323,371,3.785
2018/4/1,16.0839691,470,4.13
2018/4/2,12.17624421,521,3.706666667
2018/4/3,30.01585782,497,2.78
2018/4/4,120.9129367,246,2.043333333
2018/4/5,36.52873263,340,3.393333333
2018/4/6,18.00951469,453,3.7
2018/4/7,12.82753169,521,3.43
2018/4/8,10.02416384,565,3.26
2018/4/9,8.4950541,595,2.95
2018/4/10,7.503964455,617,2.21
2018/4/11,6.880993821,631,1.96
2018/4/12,6.626142198,630,1.65
2018/4/13,6.22970634,614,1.2
2018/4/14,6.909310668,587,1.57
2018/4/15,37.09506957,509,1.895
2018/4/16,99.95846991,281,2.4725
2018/4/17,28.60001547,383,3.336666667
2018/4/18,16.19723648,471,3.32
2018/4/19,12.17624421,528,3.03
2018/4/20,10.08079753,561,2.32
2018/4/21,8.466737253,575,2.08
2018/4/22,7.64554869,581,1.6
2018/4/23,7.050894903,580,1.516666667
2018/4/24,7.050894903,591,1.56
2018/4/25,8.834856264,603,1.54
2018/4/26,9.089707887,627,1.62
2018/4/27,7.532281302,605,1.77
2018/4/28,7.164162291,608,1.67
2018/4/29,6.51287481,620,1.51
2018/4/30,5.889904176,629,1.393333333
2018/5/1,5.521785165,639,1.28
2018/5/2,5.210299848,646,1.12
2018/5/3,6.51287481,642,1.04
2018/5/4,10.05248069,634,1.08
2018/5/5,7.107528597,613,0.99
2018/5/6,6.144755799,628,0.77
2018/5/7,6.569508504,612,1.063333333
2018/5/8,5.606735706,631,1
2018/5/9,5.012081919,641,0.84
2018/5/10,5.635052553,647,1.32
2018/5/11,5.720003094,663,0.92
2018/5/12,5.068715613,677,1.02
2018/5/13,24.60734004,549,2.6
2018/5/14,33.69704793,396,4.0525
2018/5/15,27.55229213,419,4.65
2018/5/16,13.39386863,506,4.11
2018/5/17,8.834856264,569,3.01
2018/5/18,7.220795985,600,2.38
2018/5/19,6.371290575,594,2.24
2018/5/20,8.155251936,622,1.76
2018/5/21,6.456241116,582,2.223333333
2018/5/22,26.70278672,487,2.43
2018/5/23,23.95605256,432,4.513333333
2018/5/24,10.05248069,552,4.21
2018/5/25,6.852676974,602,4.02
2018/5/26,5.94653787,618,4.26
2018/5/27,14.01683927,496,3.256666667
2018/5/28,7.249112832,493,3.23
2018/5/29,5.295250389,583,2.983333333
2018/5/30,4.559012367,639,2.57
2018/5/31,4.304160744,669,2.34
2018/6/1,5.606735706,655,2.01
2018/6/2,5.776636788,600,5.75
2018/6/3,4.700596602,662,3.94
2018/6/4,3.992675427,691,3.18
2018/6/5,3.567922722,704,2.41
2018/6/6,3.256437405,723,2.06
2018/6/7,3.086536323,725,1.69
2018/6/8,2.944952088,714,1.3
2018/6/9,3.369704793,708,1.27
2018/6/10,29.73268935,545,5.313333333
2018/6/11,73.34063373,390,9.06
2018/6/12,30.01585782,503,15.96666667
2018/6/13,12.2895116,568,13.79
2018/6/14,7.588914996,615,11.22
2018/6/15,5.635052553,644,8.83
2018/6/16,4.615646061,664,6.97
2018/6/17,4.134259662,676,5.5
2018/6/18,3.822774345,683,4.5
2018/6/19,3.907724886,669,3.95
2018/6/20,3.369704793,685,3.13
2018/6/21,3.39802164,690,2.33
2018/6/22,3.284754252,698,1.87
2018/6/23,3.426338487,665,1.92
2018/6/24,3.539605875,648,1.14
2018/6/25,3.086536323,683,1.193333333
2018/6/26,2.828853015,700,1.34
2018/6/27,3.511289028,673,5.38
2018/6/28,3.851091192,679,0.87
2018/6/29,3.68119011,697,0.66
2018/6/30,3.029902629,686,1.14
2018/7/1,2.650456879,685,1.19
2018/7/2,2.446575581,690,0.813333333
2018/7/3,2.820357961,694,0.42
2018/7/4,3.766140651,677,2.46
2018/7/5,4.275843897,647,1.85
2018/7/6,4.360794438,569,6.85
2018/7/7,3.029902629,616,4.35
2018/7/8,2.494714221,640,2.55
2018/7/9,2.225704174,646,1.796666667
2018/7/10,2.137921949,649,1.75
2018/7/11,1.970852551,,1.52
2018/7/12,1.854753479,,1.46
2018/7/13,1.78962473,646,1.73
2018/7/14,1.721664298,652,1.77
2018/7/15,1.645208811,678,1.875
2018/7/16,1.611228594,695,1.22
2018/7/17,1.625387018,702,1.33
2018/7/18,1.591406801,707,1.57
2018/7/19,1.537604792,719,1.14
2018/7/20,1.662198919,740,1.17
2018/7/21,1.738654406,712,4.92
2018/7/22,1.727327667,726,0.89
2018/7/23,1.962357497,740,1.203333333
2018/7/24,10.4205997,463,1.786666667
2018/7/25,4.502378673,471,1.933333333
2018/7/26,3.029902629,575,0.91
2018/7/27,2.673110357,570,0.46
2018/7/28,2.330476508,586,0.66
2018/7/29,2.12093184,585,0.68
2018/7/30,1.919882227,587,0.806666667
2018/7/31,1.849090109,601,
2018/8/1,1.880238641,,0.96
2018/8/2,1.880238641,,1.07
2018/8/3,1.956694128,700,1.37
2018/8/4,1.826436632,722,1.37
2018/8/5,1.682020712,737,1.28
2018/8/6,1.591406801,745,1.366666667
2018/8/7,1.965189182,740,1.64
2018/8/8,2.554179599,705,0.53
2018/8/9,2.576833077,745,0.86
2018/8/10,2.225704174,718,1.97
2018/8/11,9.118024734,429,3.19
2018/8/12,3.907724886,,2.685
2018/8/13,2.599486555,,1.765
2018/8/14,2.101110047,589,
2018/8/15,1.834931686,609,
2018/8/16,1.914218857,634,
2018/8/17,2.282337868,633,
2018/8/18,3.001585782,614,
2018/8/19,3.313071099,653,
2018/8/20,2.571169708,676,
2018/8/21,26.41961825,478,1.08
2018/8/22,40.20992274,329,3.34
2018/8/23,9.316242663,440,2.69
2018/8/24,4.162576509,494,2.4
2018/8/25,2.772219321,535,2
2018/8/26,8.77822257,389,1.97
2018/8/27,3.228120558,484,1.663333333
2018/8/28,2.067129831,570,1.13
2018/8/29,1.65087218,600,0.66
2018/8/30,5.040398766,558,0.68
2018/8/31,3.256437405,480,0.87
2018/9/1,2.069961516,479,1.3
2018/9/2,1.60839691,533,1
2018/9/3,1.41584235,583,1.72
2018/9/4,1.257268007,612,0.515
2018/9/5,1.149663988,647,0.83
2018/9/6,1.611228594,639,4.56
2018/9/7,2.220040805,635,0.64
2018/9/8,2.973268935,634,0.98
2018/9/9,3.313071099,577,0.76
2018/9/10,10.87366925,554,1.3525
2018/9/11,8.325153018,525,3.43
2018/9/12,4.162576509,543,3.13
2018/9/13,2.724080681,579,2.11
2018/9/14,2.163407111,616,1.99
2018/9/15,1.88590201,643,1.64
2018/9/16,1.684852397,662,1.56
2018/9/17,1.495129522,679,0.886666667
2018/9/18,1.359208656,688,0.87
2018/9/19,1.568753324,682,0.52
2018/9/20,1.435664143,673,0.77
2018/9/21,1.413010665,710,0.79
2018/9/22,1.237446214,729,1.03
2018/9/23,1.141168934,742,0.59
2018/9/24,1.110020402,754,1.136666667
2018/9/25,1.948199074,690,0.67
2018/9/26,14.32832458,512,1.67
2018/9/27,11.44000619,478,2.405
2018/9/28,4.24752705,550,2.64
2018/9/29,2.636298456,575,2.45
2018/9/30,2.010496137,605,1.98
2018/10/1,1.704674189,628,1.66
2018/10/2,1.546099846,645,1.38
2018/10/3,1.435664143,660,1.29
2018/10/4,1.455485936,676,1.12
2018/10/5,1.299743277,704,0.95
2018/10/6,1.925545596,695,0.32
2018/10/7,54.65151471,392,2.126666667
2018/10/8,23.47466616,414,3.7975
2018/10/9,8.608321488,479,3.71
2018/10/10,4.927131378,538,3.01
2018/10/11,3.68119011,582,2.64
2018/10/12,2.772219321,620,2.53
2018/10/13,2.636298456,647,1.97
2018/10/14,2.35596167,668,1.86
2018/10/15,2.129426894,690,1.67
2018/10/16,1.871743587,714,1.485
2018/10/17,1.684852397,725,1.23
2018/10/18,1.537604792,738,1.12
2018/10/19,1.441327512,751,1.04
2018/10/20,1.410178981,752,0.94
2018/10/21,1.455485936,752,0.66
2018/10/22,1.356376971,754,0.703333333
2018/10/23,1.333723494,762,0.75
2018/10/24,1.379030449,768,0.69
2018/10/25,1.288416539,777,0.75
2018/10/26,1.282753169,777,0.84
2018/10/27,2.446575581,713,0.5
2018/10/28,13.02574962,635,1.183333333
2018/10/29,60.31488411,377,3.775
2018/10/30,17.07505874,458,5.495
2018/10/31,7.787132925,533,5.53
2018/11/1,100.8079753,417,3.753333333
2018/11/2,331.3071099,227,2.45
2018/11/3,102.5069861,348,5.576666667
2018/11/4,36.8119011,434,6.295
2018/11/5,21.49248687,502,6.436666667
2018/11/6,19.3404065,531,5.47
2018/11/7,16.84852397,548,5.06
2018/11/8,10.56218393,573,4.79
2018/11/9,11.07188718,573,3.63
2018/11/10,10.87366925,563,3.46
2018/11/11,9.656044827,601,3.42
2018/11/12,8.013667701,606,3.153333333
2018/11/13,7.050894903,609,2.91
2018/11/14,6.201389493,626,2.72
2018/11/15,7.447330761,654,2.62
2018/11/16,30.01585782,543,3.31
2018/11/17,18.17941577,499,3.74
2018/11/18,12.06297682,541,4.49
2018/11/19,16.73525658,563,4.52
2018/11/20,12.62931376,565,4.64
2018/11/21,9.372876357,605,4.81
2018/11/22,6.937627515,639,4.67
2018/11/23,5.635052553,669,4.53
2018/11/24,9.854262756,675,4.16
2018/11/25,21.23763525,542,3.49
2018/11/26,41.05942815,455,2.61
2018/11/27,50.68715613,360,3.723333333
2018/11/28,18.9156538,457,4.755
2018/11/29,10.81703555,547,4.91
2018/11/30,8.296836171,606,4.97
2018/12/1,14.52654251,622,4.28
2018/12/2,56.06735706,388,2.963333333
2018/12/3,25.62674654,410,3.9825
2018/12/4,16.5653555,500,3.98
2018/12/5,12.09129367,557,4.06
2018/12/6,9.06139104,600,4.03
2018/12/7,6.994261209,637,4
2018/12/8,5.6633694,665,3.79
2018/12/9,4.672279755,700,3.68
2018/12/10,4.870497684,718,3.706666667
2018/12/11,5.776636788,724,3.29
2018/12/12,5.266933542,679,2.81
2018/12/13,4.870497684,678,2.58
2018/12/14,4.615646061,682,2.41
2018/12/15,4.700596602,686,2.3
2018/12/16,13.30891809,679,2.18
2018/12/17,19.19882227,526,3.486666667
2018/12/18,9.62772798,514,4.14
2018/12/19,6.937627515,581,4
2018/12/20,6.314656881,621,3.58
2018/12/21,89.19806805,385,2.11
2018/12/22,44.45744979,342,3.6
2018/12/23,18.00951469,448,4.11
2018/12/24,11.52495673,523,4.02
2018/12/25,8.806539417,571,3.8
2018/12/26,7.107528597,607,3.5
2018/12/27,6.088122105,632,3.3
2018/12/28,6.059805258,650,3.33
2018/12/29,6.654459045,678,3.02
2018/12/30,5.6633694,701,2.92
2018/12/31,22.28535859,607,2.72
2019/1/1,124.5941268,247,1.39
2019/1/2,34.54655334,355,3.49
2019/1/3,17.69802938,460,3.95
2019/1/4,12.17624421,528,3.85
2019/1/5,9.542777439,572,3.65
2019/1/6,7.673865537,601,3.37
2019/1/7,6.484557963,623,3.415
2019/1/8,9.599411133,624,3.055
2019/1/9,20.33149615,438,1.98
2019/1/10,8.155251936,477,2.41
2019/1/11,5.465151471,559,2.89
2019/1/12,4.502378673,616,
2019/1/13,4.332477591,655,2.98
2019/1/14,3.992675427,705,2.83
2019/1/15,3.256437405,735,2.66
2019/1/16,3.737823804,731,
2019/1/17,3.313071099,740,
2019/1/18,3.313071099,748,
2019/1/19,3.313071099,758,
2019/1/20,4.190893356,778,2.29
2019/1/21,4.219210203,815,
2019/1/22,3.851091192,,
2019/1/23,73.90697067,,1.69
2019/1/24,254.0021176,194,1.73
2019/1/25,73.34063373,300,3.45
2019/1/26,27.01427204,398,3.76
2019/1/27,17.4714946,463,3.45
2019/1/28,11.52495673,525,3.433333333
2019/1/29,9.62772798,564,2.92
2019/1/30,8.976440499,650,3.67
2019/1/31,8.77822257,701,3.4
2019/2/1,8.551687794,693,2.8
2019/2/2,8.353469865,693,2.79
2019/2/3,7.588914996,699,2.69
2019/2/4,13.30891809,590,1.84
2019/2/5,73.34063373,343,1.783333333
2019/2/6,48.1386399,370,2.48
2019/2/7,63.71290575,350,2.923333333
2019/2/8,71.35845444,325,3.05
2019/2/9,21.29426894,425,4.02
2019/2/10,13.05406647,527,3.65
2019/2/11,11.18515457,577,3.393333333
2019/2/12,48.98814531,521,1.875
2019/2/13,80.70301395,278,2.05
2019/2/14,23.95605256,395,3.28
2019/2/15,25.03209275,459,3.14
2019/2/16,19.3970402,466,3.12
2019/2/17,11.89307574,522,3.34
2019/2/18,9.797629062,575,3.383333333
2019/2/19,7.957034007,636,3.28
2019/2/20,9.259608969,660,3.2
2019/2/21,60.03171564,361,
2019/2/22,32.56437405,340,
2019/2/23,19.87842659,424,
2019/2/24,41.90893356,424,
2019/2/25,27.43902474,401,
2019/2/26,12.48772953,488,4.09
2019/2/27,9.401193204,563,3.15
2019/2/28,8.098618242,609,3.17
2019/3/1,6.880993821,642,2.54
2019/3/2,6.059805258,664,2.86
2019/3/3,5.606735706,682,2.64
2019/3/4,5.09703246,712,2.655
2019/3/5,4.275843897,783,3.2
2019/3/6,5.09703246,810,3.43
2019/3/7,4.474061826,816,2.92
2019/3/8,4.24752705,801,2.83
2019/3/9,5.040398766,710,2.13
2019/3/10,26.95763834,594,1.945
2019/3/11,21.52080372,384,2.7725
2019/3/12,10.08079753,450,3.73
2019/3/13,8.126935089,533,3.31
2019/3/14,12.7142643,562,3.135
2019/3/15,37.94457498,453,3.813333333
2019/3/16,19.25545596,426,4.86
2019/3/17,11.29842195,511,4.82
2019/3/18,8.749905723,571,4.323333333
2019/3/19,7.503964455,611,3.67
2019/3/20,6.739409586,638,3.26
2019/3/21,6.880993821,651,2.96
2019/3/22,6.937627515,665,2.93
2019/3/23,6.088122105,676,2.49
2019/3/24,5.38020093,680,2.29
2019/3/25,5.125349307,674,2.19
2019/3/26,4.672279755,676,1.96
2019/3/27,4.304160744,680,1.91
2019/3/28,4.219210203,676,1.78
2019/3/29,5.323567236,675,1.44
2019/3/30,16.79189027,647,2.53
2019/3/31,109.019861,336,3.14
2019/4/1,32.28120558,385,4.8125
2019/4/2,15.88575117,486,5.025
2019/4/3,10.64713447,549,4.33
2019/4/4,7.730499231,595,3.77
2019/4/5,6.626142198,628,3.23
2019/4/6,6.059805258,638,2.61
2019/4/7,5.493468318,636,2.05
2019/4/8,5.210299848,638,1.83
2019/4/9,4.81386399,643,1.43
2019/4/10,4.304160744,650,1.57
2019/4/11,3.851091192,659,1.5
2019/4/12,4.049309121,667,1.49
2019/4/13,3.822774345,679,1.34
2019/4/14,6.51287481,637,1.81
2019/4/15,18.71743587,618,1.67
2019/4/16,10.9019861,509,3
2019/4/17,6.937627515,554,2.73
2019/4/18,5.918221023,584,2.06
2019/4/19,7.872083466,605,1.9
2019/4/20,97.69312215,406,3.053333333
2019/4/21,53.51884083,374,4.31
2019/4/22,19.11387173,481,4.835
2019/4/23,11.63822412,544,3.69
2019/4/24,8.466737253,579,2.83
2019/4/25,7.249112832,599,2.43
2019/4/26,40.77625968,521,2.95
2019/4/27,47.57230296,375,3.003333333
2019/4/28,59.74854717,384,3.143333333
2019/4/29,32.56437405,403,3.69
2019/4/30,29.16635241,457,4.01
2019/5/1,31.1485317,466,3.91
2019/5/2,62.86340034,365,3.31
2019/5/3,40.49309121,376,3.586666667
2019/5/4,22.34199228,471,4.14
2019/5/5,14.38495828,526,3.93
2019/5/6,10.47723339,568,3.54
2019/5/7,8.155251936,595,3.26
2019/5/8,6.909310668,595,2.53
2019/5/9,6.909310668,602,2.27
2019/5/10,25.54179599,452,1.713333333
2019/5/11,11.72317466,493,2.275
2019/5/12,8.664955182,539,2.38
2019/5/13,24.77724113,500,2.26
2019/5/14,25.57011284,427,2.19
2019/5/15,11.52495673,463,3.05
2019/5/16,7.843766619,520,3.05
2019/5/17,6.371290575,560,2.75
2019/5/18,5.720003094,573,2.38
2019/5/19,5.38020093,595,2.03
2019/5/20,5.210299848,609,
2019/5/21,4.955448225,626,1.71
2019/5/22,4.360794438,643,2.06
2019/5/23,4.24752705,637,1.45
2019/5/24,3.907724886,642,1.46
2019/5/25,3.596239569,656,1.46
2019/5/26,3.652873263,664,1.27
2019/5/27,4.927131378,682,1.04
2019/5/28,5.408517777,647,1.275
2019/5/29,11.07188718,542,1.49
2019/5/30,5.833270482,536,1.733333333
2019/5/31,4.615646061,602,2.06
2019/6/1,4.445744979,636,1.64
2019/6/2,40.77625968,475,4.493333333
2019/6/3,21.15268471,433,6.235
2019/6/4,7.957034007,504,6.42
2019/6/5,14.07347296,508,4.62
2019/6/6,45.59012367,354,3.753333333
2019/6/7,16.05565225,426,5.476666667
2019/6/8,7.957034007,516,4.56
2019/6/9,5.521785165,576,3.75
2019/6/10,22.82337868,510,3.28
2019/6/11,35.11289028,387,4.723333333
2019/6/12,10.25069861,463,5.25
2019/6/13,34.54655334,430,4.506666667
2019/6/14,79.2871716,319,5.566666667
2019/6/15,22.99327976,409,6.275
2019/6/16,85.51687794,353,5.215
2019/6/17,58.61587329,347,5.85
2019/6/18,28.316847,427,5.68
2019/6/19,20.24654561,385,4.42
2019/6/20,84.10103559,390,3.51
2019/6/21,206.1466462,247,2.443333333
2019/6/22,37.37823804,361,4.01
2019/6/23,16.0839691,459,4.16
2019/6/24,10.64713447,516,3.93
2019/6/25,7.588914996,556,
2019/6/26,5.889904176,592,
2019/6/27,4.757230296,,
2019/6/28,4.134259662,,
2019/6/29,3.652873263,,
2019/6/30,3.228120558,631,
2019/7/1,2.78354606,641,1.51
2019/7/2,2.820357961,638,1.19
2019/7/3,2.973268935,633,1.17
2019/7/4,2.888318394,629,0.85
2019/7/5,3.567922722,630,0.71
2019/7/6,11.63822412,449,3.043333333
2019/7/7,14.38495828,420,5.26
2019/7/8,17.35822721,335,4.18
2019/7/9,6.739409586,411,5.766666667
2019/7/10,3.851091192,470,4.46
2019/7/11,3.879408039,504,3.86
2019/7/12,2.701427204,558,2.94
2019/7/13,2.344634932,601,2.18
2019/7/14,2.004832768,623,1.62
2019/7/15,1.755644514,634,1.373333333
2019/7/16,2.256852706,648,0.99
2019/7/17,12.48772953,554,2.01
2019/7/18,22.2287249,395,4.35
2019/7/19,10.78871871,445,4.48
2019/7/20,6.059805258,461,3.54
2019/7/21,4.757230296,506,2.99
2019/7/22,45.59012367,377,4.3925
2019/7/23,34.54655334,329,4.636666667
2019/7/24,9.202975275,386,4.69
2019/7/25,4.983765072,464,4
2019/7/26,3.567922722,525,3.22
2019/7/27,2.786377745,564,3.06
2019/7/28,2.384278517,586,2.28
2019/7/29,2.112436786,595,1.863333333
2019/7/30,1.917050542,598,1.59
2019/7/31,1.823604947,610,1.3
2019/8/1,1.744317775,617,1.02
2019/8/2,1.577248378,625,0.96
2019/8/3,1.438495828,633,0.93
2019/8/4,1.308238331,647,0.99
2019/8/5,1.282753169,658,0.88
2019/8/6,11.3267388,557,1.1
2019/8/7,7.192479138,378,1.71
2019/8/8,3.596239569,559,1.14
2019/8/9,2.327644823,607,1.01
2019/8/10,1.735822721,609,0.93
2019/8/11,1.427169089,597,0.9
2019/8/12,1.41584235,603,1.88
2019/8/13,1.925545596,607,0.98
2019/8/14,1.769802938,606,1.01
2019/8/15,1.520614684,612,1.17
2019/8/16,1.905723803,612,1.08
2019/8/17,1.432832458,620,1.23
2019/8/18,1.492297837,638,0.875
2019/8/19,2.593823185,603,0.76
2019/8/20,2.724080681,635,0.25
2019/8/21,2.197387327,614,0.54
2019/8/22,12.7142643,,1.72
2019/8/23,7.022578056,,1.66
2019/8/24,3.709506957,,1.53
2019/8/25,2.231367544,,1.87
2019/8/26,1.761307883,,2.015
2019/8/27,1.985010975,,1.89
2019/8/28,2.050139723,,1.46
2019/8/29,1.676357342,,1.33
2019/8/30,1.413010665,614,
2019/8/31,1.274258115,628,1.36
2019/9/1,1.265763061,650,1.44
2019/9/2,1.51211963,650,1.35
2019/9/3,2.398436941,669,0.555
2019/9/4,1.908555488,708,0.35
2019/9/5,1.424337404,693,0.47
2019/9/6,1.234614529,683,0.53
2019/9/7,1.127010511,677,0.58
2019/9/8,1.064713447,672,0.65
2019/9/9,1.030733231,677,0.726666667
2019/9/10,0.985426276,676,0.89
2019/9/11,1.008079753,679,0.88
2019/9/12,1.200634313,682,0.88
2019/9/13,0.996753014,670,0.81
2019/9/14,0.996753014,672,0.78
2019/9/15,0.886317311,684,0.8
2019/9/16,0.923129212,710,1.833333333
2019/9/17,0.94011932,711,1.08
2019/9/18,0.874990572,726,1.26
2019/9/19,0.815525194,739,1.46
2019/9/20,0.798535085,749,1.45
2019/9/21,0.773049923,752,1.41
2019/9/22,0.739069707,755,1.4
2019/9/23,0.750396446,761,2.233333333
2019/9/24,0.750396446,759,1.28
2019/9/25,0.733406337,773,1.34
2019/9/26,0.741901391,785,1.6
2019/9/27,0.756059815,787,1.45
2019/9/28,0.934455951,781,1.67
2019/9/29,0.838178671,753,1.03
2019/9/30,2.497545905,673,2.355
2019/10/1,4.927131378,661,0.48
2019/10/2,3.143170017,682,1.07
2019/10/3,2.084119939,622,2.68
2019/10/4,1.435664143,612,1.72
2019/10/5,1.189307574,612,1.65
2019/10/6,1.073208501,619,1.68
2019/10/7,1.008079753,623,1.503333333
2019/10/8,0.979762906,632,1.5
2019/10/9,0.903307419,665,1.76
2019/10/10,0.891980681,687,1.82
2019/10/11,0.860832149,696,1.87
2019/10/12,0.917465843,701,2.11
2019/10/13,0.855168779,700,1.63
2019/10/14,0.846673725,715,1.846666667
2019/10/15,0.852337095,731,1.5
2019/10/16,1.022238177,737,1.61
2019/10/17,0.999584699,717,1.17
2019/10/18,0.971267852,744,1.07
2019/10/19,0.937287636,771,1.27
2019/10/20,0.886317311,776,1.39
2019/10/21,0.874990572,774,1.293333333
2019/10/22,1.237446214,748,0.88
2019/10/23,1.027901546,745,1.36
2019/10/24,0.999584699,785,1.25
2019/10/25,1.022238177,803,0.88
2019/10/26,1.251604637,804,0.75
2019/10/27,1.922713911,699,2.2
2019/10/28,1.874575271,770,1.853333333
2019/10/29,2.03031793,799,0.51
2019/10/30,1.928377281,814,0.94
2019/10/31,5.295250389,661,0.35
2019/11/1,17.61307883,595,3.383333333
2019/11/2,7.532281302,556,6.14
2019/11/3,3.96435858,581,7.13
2019/11/4,4.077625968,612,7.216666667
2019/11/5,3.766140651,609,3.13
2019/11/6,3.426338487,615,2.33
2019/11/7,3.171486864,623,1.87
2019/11/8,3.001585782,630,1.4
2019/11/9,2.860001547,637,1.24
2019/11/10,2.743902474,640,1.03
2019/11/11,3.086536323,640,0.973333333
2019/11/12,4.389111285,641,0.88
2019/11/13,4.955448225,679,1.17
2019/11/14,3.766140651,683,1.71
2019/11/15,3.39802164,662,2.04
2019/11/16,3.39802164,662,
2019/11/17,3.454655334,675,
2019/11/18,3.341387946,704,2.55
2019/11/19,2.916635241,728,2.52
2019/11/20,2.565506338,737,2.34
2019/11/21,2.248357652,738,2.1
2019/11/22,2.055803092,734,1.89
2019/11/23,1.942535704,735,1.54
2019/11/24,1.990674344,736,1.5
2019/11/25,1.919882227,732,1.01
2019/11/26,1.905723803,727,0.83
2019/11/27,1.951030758,729,1.14
2019/11/28,1.817941577,749,0.7
2019/11/29,2.45223895,749,0.31
2019/11/30,2.220040805,756,0.32
2019/12/1,2.477724113,739,2.43
2019/12/2,2.755229213,737,0.443333333
2019/12/3,3.369704793,751,0.52
2019/12/4,3.539605875,762,1.13
2019/12/5,3.029902629,767,1.35
2019/12/6,2.565506338,755,1.41
2019/12/7,2.214377435,755,1.73
2019/12/8,1.990674344,752,1.89
2019/12/9,2.259684391,742,1.69
2019/12/10,5.635052553,728,1.12
2019/12/11,6.342973728,728,1.9
2019/12/12,3.454655334,720,2.62
2019/12/13,2.888318394,688,2.46
2019/12/14,2.973268935,672,3.04
2019/12/15,5.436834624,674,2.66
2019/12/16,6.258023187,694,2.765
2019/12/17,4.304160744,666,3.28
2019/12/18,3.454655334,717,
2019/12/19,3.058219476,777,4.23
2019/12/20,3.539605875,788,
2019/12/21,2.860001547,786,3.53
2019/12/22,2.251189337,793,
2019/12/23,2.251189337,781,2.61
2019/12/24,2.704258889,759,
2019/12/25,3.313071099,755,2.05
2019/12/26,3.143170017,742,
2019/12/27,2.860001547,723,2.21
2019/12/28,2.565506338,715,
2019/12/29,4.870497684,698,2.55
2019/12/30,31.43170017,527,3.62
2019/12/31,19.42535704,491,6.22
2020/1/1,9.146341581,578,6.21
2020/1/2,6.711092739,621,5.68
2020/1/3,6.597825351,659,5.09
2020/1/4,11.24178826,670,4.56
2020/1/5,14.46990882,603,5.05
2020/1/6,8.721588876,584,5.58
2020/1/7,6.031488411,620,5.32
2020/1/8,4.53069552,659,4.88
2020/1/9,4.049309121,700,4.12
2020/1/10,28.03367853,,3.616666667
2020/1/11,77.58816078,,3.695
2020/1/12,77.87132925,,
2020/1/13,30.01585782,,
2020/1/14,15.1211963,,
2020/1/15,10.39228285,,4.98
2020/1/16,8.155251936,628,4.6
2020/1/17,6.427924269,663,4.17
2020/1/18,11.15683772,675,3.93
2020/1/19,53.51884083,402,3.3485
2020/1/20,17.64139568,438,
2020/1/21,9.06139104,547,
2020/1/22,7.36238022,619,4.42
2020/1/23,6.51287481,660,4.21
2020/1/24,6.597825351,684,3.93
2020/1/25,37.37823804,475,3.263333333
2020/1/26,31.43170017,393,4.453333333
2020/1/27,18.66080217,468,5.156666667
2020/1/28,12.03465998,534,5.16
2020/1/29,8.976440499,580,5.05
2020/1/30,7.07921175,618,4.85
2020/1/31,5.861587329,651,4.67
2020/2/1,5.153666154,676,4.31
2020/2/2,5.210299848,698,4.17
2020/2/3,5.125349307,716,3.983333333
2020/2/4,4.502378673,726,3.65
2020/2/5,6.597825351,729,3.21
2020/2/6,8.721588876,737,3.26
2020/2/7,8.608321488,717,3.16
2020/2/8,6.824360127,754,3.27
2020/2/9,5.691686247,702,3.3
2020/2/10,48.42180837,552,3.57
2020/2/11,44.17428132,372,4.52
2020/2/12,16.82020712,484,5.446666667
2020/2/13,11.04357033,604,4.76
2020/2/14,8.551687794,699,4.33
2020/2/15,8.806539417,718,4.16
2020/2/16,7.164162291,723,3.9
2020/2/17,9.995846991,687,3.776666667
2020/2/18,37.09506957,518,3.105
2020/2/19,28.60001547,395,4.066666667
2020/2/20,12.68594746,501,4.43
2020/2/21,7.390697067,597,4.46
2020/2/22,6.088122105,643,4.18
2020/2/23,4.983765072,671,3.92
2020/2/24,4.417428132,691,3.746666667
2020/2/25,5.493468318,705,3.3
2020/2/26,18.51921794,660,3.645
2020/2/27,21.66238796,532,4.175
2020/2/28,11.8081252,600,4.39
2020/2/29,8.523370947,623,4.38
2020/3/1,7.277429679,656,4.09
2020/3/2,18.88733695,608,3.77
2020/3/3,29.16635241,483,3.426666667
2020/3/4,31.99803711,423,3.863333333
2020/3/5,13.59208656,481,3.73
2020/3/6,8.863173111,569,4.15
2020/3/7,8.098618242,619,4.53
2020/3/8,6.682775892,644,3.94
2020/3/9,5.6633694,643,3.356666667
2020/3/10,5.550102012,656,2.81
2020/3/11,7.277429679,686,2.35
2020/3/12,6.059805258,687,2.24
2020/3/13,12.09129367,638,1.92
2020/3/14,13.22396755,528,2.226666667
2020/3/15,6.852676974,516,2.98
2020/3/16,5.493468318,583,3.08
2020/3/17,5.238616695,612,
2020/3/18,8.126935089,621,
2020/3/19,134.7881917,268,
2020/3/20,67.39409586,334,
2020/3/21,35.11289028,394,
2020/3/22,16.14060279,484,
2020/3/23,14.78139413,544,
2020/3/24,17.16000928,543,
2020/3/25,11.92139259,550,
2020/3/26,9.486143745,578,
2020/3/27,9.62772798,606,
2020/3/28,111.0020402,323,
2020/3/29,249.4714221,210,
2020/3/30,79.85350854,309,
2020/3/31,29.73268935,416,
2020/4/1,19.45367389,480,
2020/4/2,13.70535395,526,
2020/4/3,10.59050078,564,
2020/4/4,8.77822257,594,
2020/4/5,7.503964455,619,
2020/4/6,6.597825351,639,
2020/4/7,10.76040186,640,
2020/4/8,89.76440499,304,
2020/4/9,37.94457498,330,
2020/4/10,18.03783154,436,
2020/4/11,11.49663988,505,
2020/4/12,9.004757346,551,
2020/4/13,11.60990727,569,2.3
2020/4/14,17.44317775,515,
2020/4/15,10.05248069,494,
2020/4/16,8.4950541,536,
2020/4/17,7.730499231,574,
2020/4/18,17.78297992,561,
2020/4/19,16.65030604,472,
2020/4/20,10.73208501,454,2.49
2020/4/21,8.976440499,473,
2020/4/22,6.880993821,515,
2020/4/23,6.173072646,532,
2020/4/24,6.031488411,526,
2020/4/25,5.720003094,504,
2020/4/26,9.259608969,498,
2020/4/27,13.64872025,511,1.84
2020/4/28,9.372876357,524,
2020/4/29,8.041984548,523,
2020/4/30,7.957034007,565,
2020/5/1,10.05248069,572,
2020/5/2,9.797629062,547,
2020/5/3,7.135845444,561,1.69
2020/5/4,5.748319941,583,1.475
2020/5/5,4.870497684,600,
2020/5/6,4.474061826,617,
2020/5/7,4.304160744,629,
2020/5/8,3.879408039,646,
2020/5/9,3.567922722,654,
2020/5/10,3.482972181,665,
2020/5/11,3.822774345,660,0.87
2020/5/12,3.624556416,680,
2020/5/13,3.284754252,687,
2020/5/14,4.757230296,648,0.75
2020/5/15,21.32258579,550,1.98
2020/5/16,66.26142198,394,1.29
2020/5/17,22.93664607,455,5.566666667
2020/5/18,33.41387946,461,4.51
2020/5/19,208.4119939,316,3.78
2020/5/20,72.49112832,371,6.11
2020/5/21,26.61783618,450,5.88
2020/5/22,21.80397219,501,
2020/5/23,22.2287249,498,4.09
2020/5/24,13.53545287,538,
2020/5/25,11.52495673,571,3.47
2020/5/26,11.72317466,551,3.36
2020/5/27,7.673865537,619,
2020/5/28,6.654459045,653,
2020/5/29,7.447330761,655,2.43
2020/5/30,39.07724886,421,4.88
2020/5/31,14.58317621,472,7.05
2020/6/1,8.381786712,550,5.33
2020/6/2,6.342973728,600,4.18
2020/6/3,5.181983001,629,3.37
2020/6/4,4.275843897,648,1.95
2020/6/5,3.907724886,663,2.36
2020/6/6,3.596239569,667,1.88
2020/6/7,3.199803711,669,1.58
2020/6/8,2.860001547,665,1.43
2020/6/9,2.684437096,666,1.37
2020/6/10,2.860001547,666,1.35
2020/6/11,3.228120558,646,1.25
2020/6/12,3.256437405,676,1.31
2020/6/13,3.143170017,677,1.09
2020/6/14,2.647625195,680,0.87
2020/6/15,2.443743896,685,0.87
2020/6/16,2.146417003,685,0.91
2020/6/17,1.925545596,682,0.93
2020/6/18,1.812278208,685,0.52
2020/6/19,1.868911902,689,0.92
2020/6/20,2.511704329,663,1.04
2020/6/21,3.256437405,675,1.16
2020/6/22,34.54655334,420,6.473333333
2020/6/23,19.90674344,411,10.42
2020/6/24,11.66654096,450,9.89
2020/6/25,5.323567236,526,8.13
2020/6/26,3.426338487,574,6.92
2020/6/27,2.860001547,603,5.6
2020/6/28,2.641961825,621,4.6
2020/6/29,2.228535859,632,3.22
2020/6/30,1.928377281,646,2.53
2020/7/1,1.65087218,641,1.91
2020/7/2,1.46398099,646,1.53
2020/7/3,1.32522844,648,1.31
2020/7/4,1.220456106,646,0.92
2020/7/5,1.127010511,650,0.56
2020/7/6,1.064713447,666,0.81
2020/7/7,1.005248069,681,0.95
2020/7/8,0.959941113,691,1.05
2020/7/9,4.587329214,659,1.13
2020/7/10,8.381786712,560,1.16
2020/7/11,6.144755799,460,2.26
2020/7/12,3.284754252,462,2.6
2020/7/13,2.729744051,503,2.72
2020/7/14,1.953862443,539,2.39
2020/7/15,1.404515611,551,1.96
2020/7/16,1.163822412,574,1.44
2020/7/17,1.08453524,593,1.35
2020/7/18,0.962772798,597,1.3
2020/7/19,2.016159506,582,1.185
2020/7/20,1.616891964,530,0.896666667
2020/7/21,1.002416384,599,1.43
2020/7/22,1.288416539,633,1.59
2020/7/23,2.421090419,574,0.98
2020/7/24,3.709506957,681,0.68
2020/7/25,2.200219012,659,0.99
2020/7/26,1.469644359,614,1.03
2020/7/27,2.183228904,584,1.006666667
2020/7/28,9.287925816,535,0.54
2020/7/29,7.730499231,409,2.23
2020/7/30,3.029902629,466,3.01
2020/7/31,1.908555488,497,2.93
2020/8/1,1.546099846,526,2.6
2020/8/2,1.815109893,539,1.64
2020/8/3,5.521785165,589,1.693333333
2020/8/4,5.493468318,469,2.31
2020/8/5,2.472060743,476,2.58
2020/8/6,1.684852397,524,2.32
2020/8/7,1.31956507,569,0.01
2020/8/8,1.149663988,589,2.03
2020/8/9,1.016574807,616,1.8
2020/8/10,0.931624266,633,1.936666667
2020/8/11,0.877822257,645,1.69
2020/8/12,0.790040031,657,1.18
2020/8/13,0.727742968,668,1.4
2020/8/14,0.713584544,683,1.54
2020/8/15,0.719247914,691,1.13
2020/8/16,1.529109738,695,1.28
2020/8/17,2.03031793,555,1.35
2020/8/18,1.192139259,550,1.11
2020/8/19,0.931624266,607,1.31
2020/8/20,0.781544977,643,1.05
2020/8/21,0.719247914,666,1.21
2020/8/22,0.676772643,666,1.32
2020/8/23,0.668277589,683,1.26
2020/8/24,0.682436013,705,1.695
2020/8/25,0.976931222,680,0.63
2020/8/26,0.70508949,699,1.08
2020/8/27,0.639960742,725,1.37
2020/8/28,1.313901701,696,1.42
2020/8/29,2.664615303,555,0.47
2020/8/30,3.652873263,687,0.27
2020/8/31,2.035981299,635,0.433333333
2020/9/1,1.316733386,635,0.97
2020/9/2,1.279921484,661,1.33
2020/9/3,1.149663988,637,1
2020/9/4,0.894812365,627,0.99
2020/9/5,0.781544977,622,0.94
2020/9/6,0.671109274,641,1.15
2020/9/7,21.23763525,443,1.163333333
2020/9/8,20.44476353,378,1.79
2020/9/9,10.47723339,391,2.44
2020/9/10,3.39802164,452,2.53
2020/9/11,1.990674344,510,2.47
2020/9/12,1.486634468,555,2.44
2020/9/13,2.214377435,554,1.49
2020/9/14,1.851921794,572,1.69
2020/9/15,1.480971098,580,1.99
2020/9/16,1.155327358,623,1.81
2020/9/17,0.954277744,627,1.55
2020/9/18,0.792871716,644,1.41
2020/9/19,0.702257806,665,1.41
2020/9/20,0.625802319,691,1.63
2020/9/21,0.583327048,701,1.673333333
2020/9/22,0.574831994,707,1.25
2020/9/23,0.557841886,712,1.07
2020/9/24,0.532356724,723,1.22
2020/9/25,0.515366615,729,1.18
2020/9/26,0.540851778,730,
2020/9/27,0.481386399,746,1.04
2020/9/28,0.781544977,740,1.513333333
2020/9/29,1.163822412,644,0.46
2020/9/30,0.965604483,701,0.54
2020/10/1,1.311070016,739,0.82
2020/10/2,1.030733231,745,1.13
2020/10/3,0.843842041,742,0.81
2020/10/4,0.911802473,750,0.9
2020/10/5,1.013743123,721,0.696666667
2020/10/6,0.880653942,722,0.74
2020/10/7,0.877822257,761,0.88
2020/10/8,0.829683617,785,1.01
2020/10/9,0.764554869,794,1.39
2020/10/10,0.716416229,800,1.39
2020/10/11,0.682436013,807,1.32
2020/10/12,0.685267697,810,1.31
2020/10/13,1.127010511,769,0.3
2020/10/14,0.832515302,749,0.64
2020/10/15,0.790040031,799,0.77
2020/10/16,0.821188563,803,0.83
2020/10/17,0.818356878,806,0.74
2020/10/18,0.781544977,819,0.84
2020/10/19,1.563089954,773,2.643333333
2020/10/20,2.8316847,687,0.36
2020/10/21,62.86340034,415,2.7
2020/10/22,39.92675427,388,4.3
2020/10/23,12.03465998,467,4.36
2020/10/24,25.79664762,,3.86
2020/10/25,16.79189027,,3.85
2020/10/26,7.022578056,470,3.983333333
2020/10/27,4.785547143,528,3.41
2020/10/28,7.249112832,558,2.98
2020/10/29,49.27131378,463,3.07
2020/10/30,73.6238022,321,4.27
2020/10/31,20.98278363,420,5.16
2020/11/1,10.25069861,495,4.62
2020/11/2,6.626142198,546,4.21
2020/11/3,7.419013914,588,2.71
2020/11/4,6.824360127,567,2.06
2020/11/5,5.493468318,586,1.97
2020/11/6,4.898814531,604,1.76
2020/11/7,4.389111285,616,1.77
2020/11/8,3.936041733,626,1.53
2020/11/9,3.539605875,638,1.383333333
2020/11/10,3.199803711,653,1.49
2020/11/11,3.058219476,,1.02
2020/11/12,2.486219167,678,0.97
2020/11/13,2.115268471,703,0.88
2020/11/14,1.871743587,727,0.92
2020/11/15,2.814694592,712,0.71
2020/11/16,5.691686247,687,1.55
2020/11/17,4.672279755,712,1.52
2020/11/18,2.973268935,713,1.43
2020/11/19,2.378615148,728,1.31
2020/11/20,2.086951624,727,1.2
2020/11/21,1.902892118,735,1
2020/11/22,2.483387482,731,1.42
2020/11/23,13.90357188,662,1.89
2020/11/24,9.967530144,573,2.67
2020/11/25,6.626142198,578,3.18
2020/11/26,48.70497684,460,3.3
2020/11/27,27.12753943,437,4.59
2020/11/28,12.26119475,526,4.44
2020/11/29,7.872083466,589,4.17
2020/11/30,15.97070171,593,3.725
2020/12/1,54.36834624,430,3.92
2020/12/2,33.13071099,450,4.72
2020/12/3,21.91723958,460,4.7
2020/12/4,19.59525812,487,4.83
2020/12/5,41.34259662,393,3.82
2020/12/6,24.23922103,405,4.33
2020/12/7,13.53545287,477,4.423333333
2020/12/8,9.231292122,534,3.92
2020/12/9,7.220795985,575,3.8
2020/12/10,6.484557963,599,3.44
2020/12/11,5.691686247,618,3.22
2020/12/12,5.408517777,634,3.02
2020/12/13,5.94653787,644,2.7
2020/12/14,6.569508504,668,2.926666667
2020/12/15,4.757230296,645,
2020/12/16,4.049309121,628,2.99
2020/12/17,3.879408039,672,
2020/12/18,3.511289028,733,2.81
2020/12/19,3.256437405,739,
2020/12/20,5.238616695,716,3.09
2020/12/21,9.769312215,645,
2020/12/22,9.033074193,,3.31
2020/12/23,8.466737253,,
2020/12/24,7.305746526,585,3.91
2020/12/25,8.466737253,606,
2020/12/26,14.21505719,672,
2020/12/27,18.57585163,691,
2020/12/28,25.62674654,607,3.17
2020/12/29,24.06931995,447,
2020/12/30,11.21347141,498,4.03
2020/12/31,29.44952088,478,3.55
2021/1/1,33.69704793,450,3.18
2021/1/2,149.7961206,245,3.44
2021/1/3,46.72279755,344,4.52
2021/1/4,26.84437096,430,4.055
2021/1/5,16.31050387,498,3.64
2021/1/6,12.20456106,544,3.45
2021/1/7,9.740995368,577,3.32
2021/1/8,8.013667701,604,3.18
2021/1/9,6.626142198,624,3.15
2021/1/10,5.351884083,656,3.05
2021/1/11,4.728913449,673,
2021/1/12,4.105942815,693,
2021/1/13,3.822774345,704,
2021/1/14,3.68119011,710,
2021/1/15,3.709506957,720,
2021/1/16,3.624556416,731,
2021/1/17,3.454655334,735,
2021/1/18,3.313071099,745,
2021/1/19,3.029902629,746,2.24
2021/1/20,2.888318394,751,2.29
2021/1/21,2.21720912,767,2.33
2021/1/22,1.894397064,759,2.23
2021/1/23,1.721664298,785,2.31
2021/1/24,1.65087218,797,2.09
2021/1/25,1.616891964,801,2.013333333
2021/1/26,1.571585009,778,2.18
2021/1/27,1.543268162,799,2.03
2021/1/28,1.540436477,804,2.36
2021/1/29,1.500792891,820,1.96
2021/1/30,1.46398099,839,1.86
2021/1/31,1.435664143,827,1.96
2021/2/1,1.398852242,845,1.81
2021/2/2,1.37336708,874,1.545
2021/2/3,1.31956507,940,1.28
2021/2/4,1.257268007,945,1.06
2021/2/5,1.251604637,949,1.18
2021/2/6,1.22328779,1010,
2021/2/7,1.18081252,1010,1.36
2021/2/8,1.166654096,978,1.256666667
2021/2/9,1.166654096,953,
2021/2/10,1.155327358,944,1.31
2021/2/11,1.112852087,934,1.29
2021/2/12,1.078871871,945,1.3
2021/2/13,1.073208501,939,2.07
2021/2/14,1.070376817,930,1.78
2021/2/15,1.073208501,922,1
2021/2/16,1.067545132,925,
2021/2/17,1.047723339,930,1.63
2021/2/18,1.019406492,925,1.56
2021/2/19,1.016574807,944,1.51
2021/2/20,1.016574807,964,1.57
2021/2/21,1.016574807,953,1.84
2021/2/22,1.010911438,940,1.886666667
2021/2/23,0.99392133,961,2.27
2021/2/24,3.228120558,877,3.11
2021/2/25,130.2574962,404,3.56
2021/2/26,148.0971098,346,3.793333333
2021/2/27,71.07528597,381,3.6
2021/2/28,97.97629062,298,3.716666667
2021/3/1,92.59608969,296,3.7975
2021/3/2,31.43170017,404,4.59
2021/3/3,18.12278208,499,4.07
2021/3/4,13.87525503,559,3.65
2021/3/5,10.61881763,609,3.58
2021/3/6,8.381786712,636,3.36
2021/3/7,6.852676974,658,3.17
2021/3/8,5.436834624,677,2.796666667
2021/3/9,4.81386399,681,2.64
2021/3/10,4.615646061,680,2.31
2021/3/11,4.417428132,679,2.01
2021/3/12,4.134259662,676,1.6
2021/3/13,3.822774345,676,1.44
2021/3/14,3.426338487,670,1.35
2021/3/15,3.143170017,676,1.273333333
2021/3/16,3.11485317,678,1.24
2021/3/17,3.029902629,677,1.15
2021/3/18,7.249112832,662,1.25
2021/3/19,26.84437096,566,4.086666667
2021/3/20,10.64713447,555,4.02
2021/3/21,7.050894903,579,3.87
2021/3/22,5.691686247,606,3.286666667
2021/3/23,4.927131378,624,2.19
2021/3/24,4.53069552,632,1.78
2021/3/25,4.275843897,642,1.48
2021/3/26,4.502378673,645,1.44
2021/3/27,4.020992274,664,1.23
2021/3/28,4.077625968,681,1.34
2021/3/29,3.879408039,696,1.293333333
2021/3/30,3.596239569,719,1.24
2021/3/31,3.228120558,715,1.25
2021/4/1,3.029902629,724,1.19
2021/4/2,2.743902474,728,1.3
2021/4/3,2.503209275,731,1.12
2021/4/4,2.438080527,731,1.09
2021/4/5,2.389941887,730,0.893333333
2021/4/6,2.401268626,732,0.66
2021/4/7,2.330476508,727,0.63
2021/4/8,2.299327976,726,0.68
2021/4/9,3.001585782,719,0.54
2021/4/10,2.860001547,717,0.52
2021/4/11,6.79604328,674,1.035
2021/4/12,8.976440499,683,2.6
2021/4/13,7.475647608,670,2.17
2021/4/14,5.040398766,678,1.9
2021/4/15,3.879408039,685,1.82
2021/4/16,3.369704793,686,1.51
2021/4/17,3.001585782,687,1.35
2021/4/18,2.749565844,689,1.2
2021/4/19,2.582496446,693,1.08
2021/4/20,2.372951779,700,1.55
2021/4/21,3.341387946,703,1.52
2021/4/22,4.785547143,719,1.65
2021/4/23,4.587329214,704,1.48
2021/4/24,3.596239569,709,1.44
2021/4/25,3.171486864,714,1.37
2021/4/26,2.715585627,717,1.315
2021/4/27,2.463565689,706,1.29
2021/4/28,2.3134864,706,1.64
2021/4/29,80.13667701,504,8.39
2021/4/30,72.77429679,410,8.77
2021/5/1,22.25704174,512,7.71
2021/5/2,11.41168934,580,6.1
2021/5/3,8.919806805,617,4.98
2021/5/4,12.79921484,625,4.14
2021/5/5,9.599411133,615,4.09
2021/5/6,6.711092739,650,3.46
2021/5/7,6.201389493,663,3.22
2021/5/8,10.47723339,670,3.24
2021/5/9,88.06539417,483,4.51
2021/5/10,187.1743587,293,7.4
2021/5/11,40.77625968,437,8.35
2021/5/12,20.33149615,509,6.95
2021/5/13,12.82753169,556,5.89
2021/5/14,9.429510051,595,5.13
2021/5/15,7.503964455,627,4.36
2021/5/16,6.286340034,647,3.72
2021/5/17,5.351884083,657,3.475
2021/5/18,4.643962908,659,2.67
2021/5/19,3.96435858,654,2.17
2021/5/20,3.567922722,649,1.79
2021/5/21,3.199803711,649,1.6
2021/5/22,2.916635241,656,1.53
2021/5/23,3.143170017,671,1.61
2021/5/24,9.769312215,580,4.76
2021/5/25,6.371290575,619,5.35
2021/5/26,4.360794438,661,3.97
2021/5/27,4.219210203,,3.44
2021/5/28,7.843766619,,6.83
2021/5/29,12.2895116,583,10.04
2021/5/30,6.597825351,628,6.74
2021/5/31,4.275843897,649,5.483333333
2021/6/1,3.482972181,673,4.07
2021/6/2,3.652873263,683,3.78
2021/6/3,15.91406801,605,6.61
2021/6/4,28.14694592,507,7.51
2021/6/5,12.40277899,,12.81
2021/6/6,6.739409586,,12.16
2021/6/7,5.606735706,609,10.54333333
2021/6/8,9.401193204,542,6.94
2021/6/9,40.20992274,446,11.79666667
2021/6/10,37.09506957,427,11.12
2021/6/11,20.18991191,403,8.285
2021/6/12,8.551687794,524,8.68
2021/6/13,6.173072646,584,7.45
2021/6/14,4.700596602,597,6.82
2021/6/15,3.68119011,636,5.55
2021/6/16,3.171486864,657,4.55
2021/6/17,2.698595519,670,4.08
2021/6/18,2.888318394,660,2.84
2021/6/19,2.616476663,654,2.61
2021/6/20,2.426753788,645,2.16
2021/6/21,2.474892428,636,1.49
2021/6/22,2.372951779,627,1.305
2021/6/23,2.794872799,650,0.92
2021/6/24,2.069961516,660,1.15
2021/6/25,2.112436786,648,4.26
2021/6/26,2.429585473,625,1.35
2021/6/27,4.219210203,620,1.34
2021/6/28,3.482972181,595,1.75
2021/6/29,3.426338487,592,1.64
2021/6/30,9.797629062,560,1.12
2021/7/1,90.33074193,315,5.486666667
2021/7/2,38.22774345,,8.463333333
2021/7/3,12.79921484,,7.96
2021/7/4,6.427924269,,6.65
2021/7/5,4.077625968,,5.696666667
2021/7/6,3.199803711,,4.46
2021/7/7,2.579664762,,3.54
2021/7/8,2.746734159,,2.49
2021/7/9,4.190893356,636,2.13
2021/7/10,3.794457498,642,1.64
2021/7/11,4.417428132,561,1.28
2021/7/12,15.82911747,467,1.863333333
2021/7/13,25.93823185,371,4.14
2021/7/14,12.99743277,451,3.94
2021/7/15,9.62772798,496,4.1
2021/7/16,5.974854717,510,3.6
2021/7/17,230.2159661,297,3.656666667
2021/7/18,203.8812984,273,3.803333333
2021/7/19,33.9802164,391,4.983333333
2021/7/20,16.67862288,452,4.17
2021/7/21,10.25069861,491,3.53
2021/7/22,7.277429679,518,3.02
2021/7/23,5.436834624,543,2.62
2021/7/24,4.502378673,567,2.27
2021/7/25,5.578418859,557,1.64
2021/7/26,3.709506957,590,1.51
2021/7/27,2.944952088,629,0.97
2021/7/28,2.50037759,629,0.7
2021/7/29,2.231367544,633,0.76
2021/7/30,3.058219476,604,0.46
2021/7/31,2.347466616,630,0.58
2021/8/1,2.035981299,633,0.61
2021/8/2,1.792456415,639,0.54
2021/8/3,1.667862288,653,0.72
2021/8/4,1.50645626,669,0.75
2021/8/5,1.407347296,682,0.82
2021/8/6,1.333723494,696,1.11
2021/8/7,1.27142643,701,0.9
2021/8/8,1.226119475,706,0.84
2021/8/9,1.214792736,718,0.705
2021/8/10,1.248772953,726,0.75
2021/8/11,1.704674189,704,0.84
2021/8/12,2.503209275,662,0.52
2021/8/13,2.724080681,730,0.55
2021/8/14,2.372951779,717,0.56
2021/8/15,2.225704174,701,0.49
2021/8/16,2.103941732,658,0.663333333
2021/8/17,3.426338487,649,0.17
2021/8/18,3.596239569,675,0.38
2021/8/19,2.293664607,673,0.57
2021/8/20,1.866080217,613,0.81
2021/8/21,1.622555333,596,0.63
2021/8/22,1.455485936,612,0.71
2021/8/23,1.302574962,631,0.913333333
2021/8/24,1.197802628,645,0.81
2021/8/25,10.56218393,569,0.87
2021/8/26,41.05942815,298,1.103333333
2021/8/27,10.33564916,334,1.81
2021/8/28,4.955448225,357,1.74
2021/8/29,4.105942815,389,1.43
2021/8/30,3.454655334,463,1.18
2021/8/31,3.086536323,518,0.9
2021/9/1,2.3134864,567,0.75
2021/9/2,1.749981145,589,0.78
2021/9/3,1.461149305,603,0.74
2021/9/4,1.322396755,613,0.54
2021/9/5,1.472476044,624,0.36
2021/9/6,1.444159197,630,0.35
2021/9/7,1.322396755,651,0.585
2021/9/8,1.135505565,667,0.75
2021/9/9,1.047723339,692,0.81
2021/9/10,0.99392133,709,0.95
2021/9/11,0.923129212,703,0.93
2021/9/12,0.877822257,708,0.97
2021/9/13,0.872158888,712,1.04
2021/9/14,0.889148996,716,0.95
2021/9/15,0.908970789,730,2.32
2021/9/16,0.843842041,726,0.92
2021/9/17,0.798535085,741,1.36
2021/9/18,0.781544977,758,1.2
2021/9/19,0.756059815,767,1.3
2021/9/20,0.750396446,772,1.81
2021/9/21,0.80136677,774,0.45
2021/9/22,7.588914996,578,0.44
2021/9/23,38.51091192,427,3.16
2021/9/24,17.01842505,387,3.86
2021/9/25,6.484557963,446,3.62
2021/9/26,3.539605875,493,3.18
2021/9/27,2.40410031,536,2.706666667
2021/9/28,1.840595055,570,2.24
2021/9/29,1.523446369,595,1.87
2021/9/30,1.362040341,615,1.64
2021/10/1,1.254436322,631,1.15
2021/10/2,1.282753169,640,0.96
2021/10/3,1.611228594,623,0.63
2021/10/4,1.551763216,641,0.423333333
2021/10/5,1.783961361,645,0.29
2021/10/6,2.047308038,648,0.31
2021/10/7,1.755644514,669,0.47
2021/10/8,1.815109893,670,4.11
2021/10/9,1.642377126,649,0.55
2021/10/10,1.546099846,666,0.38
2021/10/11,1.387525503,681,0.47
2021/10/12,1.285584854,,0.345
2021/10/13,1.203465998,,0.4
2021/10/14,1.160990727,,0.46
2021/10/15,1.18081252,761,0.52
2021/10/16,1.693347451,,0.43
2021/10/17,1.551763216,,0.4
2021/10/18,1.98217929,,0.223333333
2021/10/19,1.591406801,,0.32
2021/10/20,1.336555178,,0.37
2021/10/21,1.339386863,,1.08
2021/10/22,2.293664607,,0.2
2021/10/23,2.426753788,746,0.3
2021/10/24,1.953862443,686,0.43
2021/10/25,34.82972181,434,1.81
2021/10/26,34.54655334,400,4.34
2021/10/27,13.05406647,448,4.82
2021/10/28,6.880993821,516,4.76
2021/10/29,28.316847,496,3.83
2021/10/30,48.42180837,392,3.886666667
2021/10/31,26.30635086,437,4.74
2021/11/1,13.1956507,489,4.923333333
2021/11/2,9.033074193,541,4.18
2021/11/3,7.022578056,564,3.24
2021/11/4,5.833270482,588,2.79
2021/11/5,5.012081919,609,2.36
2021/11/6,4.417428132,622,2.18
2021/11/7,4.077625968,630,1.88
2021/11/8,2.916635241,640,1.706666667
2021/11/9,2.290832922,648,1.2
2021/11/10,2.166238796,670,1.11
2021/11/11,2.350298301,710,0.72
2021/11/12,8.381786712,650,1.4
2021/11/13,9.401193204,615,1.35
2021/11/14,5.776636788,613,1.72
2021/11/15,9.769312215,591,2.563333333
2021/11/16,12.31782845,549,3.21
2021/11/17,7.334063373,565,3.28
2021/11/18,7.36238022,584,3.19
2021/11/19,11.38337249,585,3.18
2021/11/20,7.334063373,605,3.22
2021/11/21,5.436834624,607,3.14
2021/11/22,4.672279755,620,3.26
2021/11/23,3.96435858,647,3.06
2021/11/24,3.369704793,671,2.76
2021/11/25,3.058219476,677,2.64
2021/11/26,3.228120558,680,2.33
2021/11/27,3.737823804,690,2.04
2021/11/28,3.936041733,711,2.09
2021/11/29,3.596239569,727,1.735
2021/11/30,3.822774345,723,1.53
2021/12/1,4.785547143,721,1.75
2021/12/2,6.852676974,714,2.01
2021/12/3,7.164162291,697,2.14
2021/12/4,5.09703246,683,2.19
2021/12/5,3.96435858,676,2.07
2021/12/6,8.806539417,658,2.046666667
2021/12/7,27.01427204,474,4.95
2021/12/8,9.429510051,476,6.07
2021/12/9,5.94653787,557,5.42
2021/12/10,4.559012367,611,4.51
2021/12/11,33.41387946,551,3.01
2021/12/12,49.83765072,335,4.353333333
2021/12/13,14.97961206,444,5.613333333
2021/12/14,9.118024734,530,
2021/12/15,7.164162291,584,4.21
2021/12/16,6.314656881,619,
2021/12/17,5.38020093,647,3.5
2021/12/18,8.466737253,650,
2021/12/19,27.49565844,508,3.6
2021/12/20,13.2522844,484,
2021/12/21,8.891489958,541,4.37
2021/12/22,7.135845444,606,
2021/12/23,5.606735706,649,3.9
2021/12/24,4.842180837,671,
2021/12/25,37.66140651,,2.52
2021/12/26,55.78418859,,4.76
2021/12/27,38.22774345,,4.43
2021/12/28,38.22774345,,4.78
2021/12/29,54.36834624,,4.19
2021/12/30,25.28694437,,4.89
2021/12/31,14.80971098,499,4.93
2022/1/1,12.20456106,549,4.68
2022/1/2,42.4752705,449,3.99
2022/1/3,22.88001238,407,4.55
2022/1/4,11.12852087,,4.63
2022/1/5,8.580004641,,4.35
2022/1/6,6.682775892,,
2022/1/7,5.748319941,690,
2022/1/8,5.266933542,725,3.64
2022/1/9,5.125349307,714,3.01
2022/1/10,5.181983001,733,3.13
2022/1/11,5.068715613,769,
2022/1/12,4.757230296,773,2.73
2022/1/13,4.304160744,723,2.2
2022/1/14,3.907724886,707,2.25
2022/1/15,3.652873263,730,2.11
2022/1/16,3.454655334,766,2.27
2022/1/17,3.313071099,753,1.935
2022/1/18,3.171486864,740,1.64
2022/1/19,3.086536323,749,1.91
2022/1/20,2.944952088,787,
2022/1/21,2.707090573,808,
2022/1/22,2.602318239,845,
2022/1/23,2.551347915,837,
2022/1/24,2.50037759,824,1.91
2022/1/25,2.497545905,818,1.71
2022/1/26,2.486219167,842,1.8
2022/1/27,2.423922103,872,1.88
2022/1/28,2.364456725,856,1.79
2022/1/29,2.353129986,862,1.89
2022/1/30,2.353129986,855,1.77
2022/1/31,2.353129986,844,1.685
2022/2/1,2.364456725,845,1.69
2022/2/2,3.822774345,830,1.64
2022/2/3,32.84754252,296,1.156666667
2022/2/4,29.16635241,343,1.99
2022/2/5,20.24654561,424,2.21
2022/2/6,13.84693818,495,2.2
2022/2/7,9.967530144,560,2.495
2022/2/8,8.041984548,612,2.37
2022/2/9,6.965944362,655,2.37
2022/2/10,6.880993821,718,2.19
2022/2/11,8.664955182,723,2.09
2022/2/12,31.43170017,538,2.14
2022/2/13,37.37823804,384,2.12
2022/2/14,24.29585473,416,2.465
2022/2/15,17.69802938,495,2.25
2022/2/16,16.73525658,506,1.88
2022/2/17,143.8495828,207,1.393333333
2022/2/18,135.9208656,269,3.13
2022/2/19,37.66140651,391,4.265
2022/2/20,20.33149615,479,4.15
2022/2/21,31.71486864,482,3.8
2022/2/22,57.48319941,373,3.953333333
2022/2/23,73.6238022,328,4.513333333
2022/2/24,26.67446987,434,4.64
2022/2/25,15.71585009,545,4.32
2022/2/26,13.30891809,623,3.81
2022/2/27,10.39228285,624,3.76
2022/2/28,13.28060124,629,3.065
2022/3/1,15.51763216,600,3.26
2022/3/2,23.78615148,522,4.23
2022/3/3,23.36139878,489,4.34
2022/3/4,18.09446523,507,4.28
2022/3/5,11.58159042,546,3.93
2022/3/6,11.38337249,587,3.34
2022/3/7,96.84361674,408,1.9
2022/3/8,73.05746526,302,3.65
2022/3/9,25.45684545,435,4.46
2022/3/10,15.68753324,512,3.83
2022/3/11,10.76040186,565,3.37
2022/3/12,9.004757346,615,3.45
2022/3/13,7.135845444,655,3.47
2022/3/14,6.484557963,670,3.01
2022/3/15,5.889904176,683,2.71
2022/3/16,5.578418859,693,2.5
2022/3/17,5.295250389,702,2.24
2022/3/18,5.068715613,703,2.24
2022/3/19,7.985350854,692,1.89
2022/3/20,16.45208811,674,2.17
2022/3/21,14.18674035,583,2.865
2022/3/22,9.287925816,580,2.89
2022/3/23,9.033074193,612,2.71
2022/3/24,17.64139568,564,3.066666667
2022/3/25,11.24178826,578,2.62
2022/3/26,12.68594746,587,2.5
2022/3/27,15.26278053,579,2.42
2022/3/28,10.13743123,592,2.61
2022/3/29,7.334063373,607,2.46
2022/3/30,6.965944362,638,2.19
2022/3/31,7.022578056,645,1.73
2022/4/1,6.51287481,657,1.24
2022/4/2,5.606735706,666,1.19
2022/4/3,5.521785165,671,1.11
2022/4/4,5.6633694,671,1.4
2022/4/5,5.804953635,,1.35
2022/4/6,5.720003094,,1.33
2022/4/7,5.691686247,,1.26
2022/4/8,5.578418859,,1.16
2022/4/9,5.266933542,,1.04
2022/4/10,5.323567236,,1.02
2022/4/11,5.720003094,,1.055
2022/4/12,36.52873263,,1.533333333
2022/4/13,23.75783463,,3.115
2022/4/14,43.89111285,,2.335
2022/4/15,27.8920943,,3.13
2022/4/16,12.770898,,2.98
2022/4/17,8.410103559,,2.34
2022/4/18,7.532281302,,2.115
2022/4/19,16.0839691,,2.09
2022/4/20,21.40753633,,2.35
2022/4/21,11.41168934,507,2.69
2022/4/22,8.948123652,552,2.1
2022/4/23,7.503964455,575,1.8
2022/4/24,6.569508504,584,1.46
2022/4/25,6.314656881,608,1.205
2022/4/26,8.721588876,620,0.95
2022/4/27,7.334063373,620,1.29
2022/4/28,5.550102012,618,1.22
2022/4/29,5.068715613,634,1.02
2022/4/30,4.587329214,626,1.06
2022/5/1,4.134259662,652,0.88
2022/5/2,3.822774345,667,0.91
2022/5/3,4.275843897,678,1.24
2022/5/4,17.4714946,582,1.73
2022/5/5,13.30891809,485,2.32
2022/5/6,77.02182384,435,3.48
2022/5/7,167.9189027,276,3.846666667
2022/5/8,38.79408039,387,5.165
2022/5/9,17.44317775,477,4.195
2022/5/10,11.04357033,535,3.5
2022/5/11,8.240202477,577,2.87
2022/5/12,6.711092739,606,2.22
2022/5/13,5.635052553,625,1.81
2022/5/14,5.09703246,638,1.56
2022/5/15,5.125349307,646,1.23
2022/5/16,5.521785165,661,2.04
2022/5/17,4.587329214,666,1.12
2022/5/18,4.077625968,684,1.24
2022/5/19,4.615646061,677,1.21
2022/5/20,4.24752705,708,1.13
2022/5/21,30.58219476,634,1.43
2022/5/22,130.8238331,314,5.62
2022/5/23,26.53288564,440,8.04
2022/5/24,11.92139259,510,6.92
2022/5/25,7.843766619,561,5.56
2022/5/26,6.711092739,602,4.29
2022/5/27,20.24654561,544,6.28
2022/5/28,17.58476199,530,6.14
2022/5/29,9.231292122,559,7.12
2022/5/30,6.258023187,603,6.66
2022/5/31,5.238616695,637,5.21
2022/6/1,8.693272029,631,4.12
2022/6/2,36.24556416,332,2.966666667
2022/6/3,10.13743123,474,3.63
2022/6/4,5.493468318,511,3.87
2022/6/5,3.907724886,569,3.56
2022/6/6,3.228120558,617,3.185
2022/6/7,4.587329214,616,2.57
2022/6/8,6.682775892,628,2.94
2022/6/9,12.20456106,582,3.97
2022/6/10,7.164162291,560,4.88
2022/6/11,4.332477591,593,4.61
2022/6/12,3.313071099,623,3.97
2022/6/13,2.888318394,637,3.42
2022/6/14,138.1862134,303,4.293333333
2022/6/15,45.87329214,354,8.46
2022/6/16,15.23446369,,6.79
2022/6/17,8.240202477,,5.47
2022/6/18,5.408517777,,4.33
2022/6/19,3.907724886,,3.38
2022/6/20,3.284754252,,2.85
2022/6/21,2.860001547,644,2.535
2022/6/22,2.483387482,656,2.25
2022/6/23,2.152080372,660,2.02
2022/6/24,1.936872335,659,1.77
2022/6/25,1.755644514,651,1.55
2022/6/26,1.665030604,651,1.5
2022/6/27,2.024654561,659,1.05
2022/6/28,1.597070171,655,1.075
2022/6/29,1.398852242,654,0.62
2022/6/30,1.291248223,653,0.55
2022/7/1,1.245941268,664,0.49
2022/7/2,1.251604637,672,0.51
2022/7/3,1.160990727,677,0.42
2022/7/4,1.095861979,687,0.44
2022/7/5,1.744317775,655,0.68
2022/7/6,23.21981454,441,3.43
2022/7/7,18.8590201,410,
2022/7/8,6.456241116,479,
2022/7/9,3.369704793,527,
2022/7/10,2.330476508,566,
2022/7/11,1.803783154,591,3.25
2022/7/12,1.543268162,613,
2022/7/13,1.458317621,635,
2022/7/14,1.823604947,622,
2022/7/15,1.781129676,636,
2022/7/16,1.540436477,621,
2022/7/17,7.702182384,459,2.27
2022/7/18,18.12278208,392,2.82
2022/7/19,7.532281302,451,
2022/7/20,3.426338487,,
2022/7/21,8.126935089,,1.95
2022/7/22,4.672279755,,
2022/7/23,2.435248842,,
2022/7/24,2.304991346,,
2022/7/25,17.04674189,,2.295
2022/7/26,8.155251936,445,1.57
2022/7/27,3.652873263,483,2.09
2022/7/28,2.449407266,502,1.15
2022/7/29,1.970852551,521,1.01
2022/7/30,1.571585009,,1.17
2022/7/31,1.322396755,,1.13
2022/8/1,1.177980835,,0.565
2022/8/2,1.127010511,,0.09
2022/8/3,1.056218393,627,0
2022/8/4,1.285584854,661,0
2022/8/5,1.112852087,634,0
2022/8/6,1.022238177,669,0
2022/8/7,1.070376817,663,0
2022/8/8,1.282753169,676,0.3
2022/8/9,8.551687794,537,0
2022/8/10,9.174658428,365,0.93
2022/8/11,3.39802164,409,1.8
2022/8/12,1.990674344,478,1.81
2022/8/13,1.492297837,519,1.5
2022/8/14,1.288416539,554,1.26
2022/8/15,1.254436322,582,1.315
2022/8/16,1.2770898,,
2022/8/17,1.155327358,,
2022/8/18,1.04205997,,
2022/8/19,0.979762906,,
2022/8/20,1.262931376,,
2022/8/21,1.928377281,,
2022/8/22,1.93404065,,0.35
2022/8/23,1.356376971,,0.31
2022/8/24,1.124178826,669,0.59
2022/8/25,0.996753014,689,0.61
2022/8/26,0.925960897,693,0.8
2022/8/27,0.866495518,692,0.67
2022/8/28,0.829683617,698,0.62
2022/8/29,1.32522844,664,0.77
2022/8/30,1.766971253,613,0.56
2022/8/31,1.574416693,643,0.55
2022/9/1,1.262931376,657,0.69
2022/9/2,1.016574807,680,0.93
2022/9/3,0.846673725,695,0.87
2022/9/4,1.475307729,636,0.75
2022/9/5,1.495129522,567,0.85
2022/9/6,1.721664298,642,0.265
2022/9/7,1.311070016,691,0
2022/9/8,1.056218393,700,0.12
2022/9/9,0.903307419,701,0.2
2022/9/10,0.821188563,698,0.21
2022/9/11,0.764554869,695,0.23
2022/9/12,0.75322813,706,0.58
2022/9/13,0.767386554,705,0.85
2022/9/14,0.764554869,697,0
2022/9/15,0.792871716,702,0
2022/9/16,0.739069707,718,0.06
2022/9/17,0.688099382,725,0.02
2022/9/18,0.651287481,738,0.02
2022/9/19,0.824020248,732,0
2022/9/20,0.716416229,726,
2022/9/21,0.764554869,739,
2022/9/22,0.923129212,735,
2022/9/23,0.877822257,719,
2022/9/24,0.804198455,729,
2022/9/25,2.239862598,603,
2022/9/26,1.783961361,517,0.286
2022/9/27,1.231782845,649,0
2022/9/28,1.217624421,716,0
2022/9/29,1.112852087,720,0.144
2022/9/30,0.976931222,728,0.088
2022/10/1,0.877822257,727,0.268
2022/10/2,0.804198455,719,0
2022/10/3,0.7588915,733,0.1685
2022/10/4,0.756059815,749,0
2022/10/5,0.747564761,761,0
2022/10/6,0.736238022,765,0
2022/10/7,0.727742968,766,0
2022/10/8,0.959941113,768,0
2022/10/9,0.756059815,792,0
2022/10/10,0.685267697,802,0.2615
2022/10/11,0.679604328,808,0
2022/10/12,0.730574653,811,0.237
2022/10/13,1.568753324,706,0
2022/10/14,2.440912211,750,0
2022/10/15,1.772634622,789,0
2022/10/16,1.189307574,744,0
2022/10/17,0.94578269,,0.511
2022/10/18,0.858000464,,0.578
2022/10/19,0.957109429,,0.588
2022/10/20,0.891980681,,0.77
2022/10/21,0.883485626,,0.92
2022/10/22,0.894812365,,NA
2022/10/23,0.863663834,,NA
2022/10/24,0.832515302,,0.266
2022/10/25,0.75322813,,NA
2022/10/26,0.702257806,,1.256
2022/10/27,0.66261422,804,1.293
2022/10/28,0.682436013,799,0.734
2022/10/29,0.682436013,807,0.995
2022/10/30,0.668277589,810,1.311
2022/10/31,0.688099382,813,1.1105
2022/11/1,0.690931067,814,1.017
2022/11/2,0.651287481,816,1.13
2022/11/3,0.637129058,826,1.084
2022/11/4,0.685267697,839,1.201
2022/11/5,0.65695085,851,1.047
2022/11/6,0.651287481,853,1.103
2022/11/7,0.7588915,859,0.7615
2022/11/8,0.736238022,874,0.186
2022/11/9,0.688099382,876,0.404
2022/11/10,0.668277589,877,1.087
2022/11/11,0.928792582,858,2.321
2022/11/12,1.081703555,781,0.271
2022/11/13,1.628218703,799,0.183
2022/11/14,1.455485936,822,0.2355
2022/11/15,1.078871871,826,0.4
2022/11/16,0.957109429,809,0.717
2022/11/17,0.866495518,803,0.579
2022/11/18,0.818356878,805,0.667
2022/11/19,0.716416229,814,0.58
2022/11/20,0.809861824,,0.748
2022/11/21,0.722079599,,0.67
2022/11/22,0.968436167,,0.349
2022/11/23,1.911387173,,0.283
2022/11/24,2.084119939,,0.328
2022/11/25,2.041644669,,0.218
2022/11/26,1.987842659,,0.216
2022/11/27,2.22287249,,0.337
2022/11/28,2.115268471,,0.1255
2022/11/29,2.228535859,,0
2022/11/30,2.013327822,,0
2022/12/1,1.704674189,,0
2022/12/2,1.546099846,,0
2022/12/3,1.475307729,,NA
2022/12/4,1.435664143,,NA
2022/12/5,1.41584235,,0.009
2022/12/6,1.313901701,,0.009
2022/12/7,0.874990572,,0.123
2022/12/8,0.809861824,748,0.13
2022/12/9,0.775881608,751,0.107
2022/12/10,0.815525194,747,0.15
2022/12/11,0.804198455,754,0.166
2022/12/12,0.815525194,781,0.1325
2022/12/13,0.815525194,793,NA
2022/12/14,0.852337095,,0.306
2022/12/15,1.158159042,,NA
2022/12/16,1.158159042,,0.146
2022/12/17,1.033564916,,NA
2022/12/18,1.002416384,,0.239
2022/12/19,0.781544977,,NA
2022/12/20,0.778713293,816,0.257
2022/12/21,0.991089645,829,NA
2022/12/22,0.968436167,807,0.321
2022/12/23,1.081703555,819,NA
2022/12/24,1.025069861,,0.341
2022/12/25,1.027901546,,NA
2022/12/26,1.248772953,,0.21
2022/12/27,1.432832458,,NA
2022/12/28,1.435664143,,0.27
2022/12/29,1.993506029,959,0.256
2022/12/30,2.664615303,866,0.38
2022/12/31,4.983765072,749,0.346
2023/1/1,7.192479138,692,0.462
2023/1/2,4.842180837,,0.9055
2023/1/3,8.523370947,,2.451
2023/1/4,18.51921794,,3.884333333
2023/1/5,18.34931686,510,5.591
2023/1/6,8.296836171,539,5.159
2023/1/7,4.898814531,591,4.857
2023/1/8,3.68119011,644,4.172
2023/1/9,3.058219476,681,3.238
2023/1/10,2.559842969,706,2.469
2023/1/11,2.118100156,,2.133
2023/1/12,6.484557963,,1.402
2023/1/13,53.8020093,,3.629333333
2023/1/14,21.15268471,,6.175
2023/1/15,8.891489958,,6.159
2023/1/16,5.720003094,,5.836
2023/1/17,17.10337559,,4.823
2023/1/18,17.52812829,,4.947
2023/1/19,42.75843897,,4.7415
2023/1/20,55.21785165,,4.782666667
2023/1/21,23.07823031,413,5.601
2023/1/22,12.34614529,507,5.749
2023/1/23,9.174658428,579,5.037
2023/1/24,7.334063373,611,3.815
2023/1/25,9.656044827,682,3.123
2023/1/26,46.72279755,,4.186
2023/1/27,23.41803247,402,5.05
2023/1/28,12.06297682,502,4.592
2023/1/29,10.27901546,551,4.028
2023/1/30,14.58317621,548,3.588
2023/1/31,9.514460592,558,NA
2023/2/1,7.673865537,600,3.614
2023/2/2,6.739409586,641,3.305
2023/2/3,4.360794438,681,NA
2023/2/4,4.304160744,737,2.895
2023/2/5,4.502378673,720,2.251
2023/2/6,3.369704793,702,2.16
2023/2/7,2.860001547,701,2.295
2023/2/8,2.63913014,706,2.149
2023/2/9,22.56852706,576,4.0565
2023/2/10,31.1485317,418,4.79
2023/2/11,11.77980835,477,4.919
2023/2/12,7.390697067,544,4.551
2023/2/13,5.833270482,,4.0215
2023/2/14,4.672279755,640,3.093
2023/2/15,3.936041733,663,2.654
2023/2/16,3.39802164,683,2.345
2023/2/17,3.171486864,700,1.915
2023/2/18,2.63913014,717,1.771
2023/2/19,2.364456725,,1.612
2023/2/20,2.225704174,,1.476
2023/2/21,2.058634777,,1.435
2023/2/22,21.15268471,,2.47
2023/2/23,102.7901546,,4.364666667
2023/2/24,31.43170017,383,5.846
2023/2/25,13.7336708,485,5.003
2023/2/26,9.429510051,,4.15
2023/2/27,16.48040495,567,3.75
2023/2/28,75.60598149,313,3.794333333
2023/3/1,26.4479351,,5.478
2023/3/2,13.50713602,,5.344
2023/3/3,27.24080681,,3.519
2023/3/4,179.52881,,2.433
2023/3/5,46.15646061,,4.964
2023/3/6,21.06773417,,5.1325
2023/3/7,13.47881917,,4.69
2023/3/8,9.769312215,,4.519
2023/3/9,7.758816078,,4.181
2023/3/10,7.277429679,629,3.882
2023/3/11,7.249112832,,3.619
2023/3/12,6.739409586,,3.43
2023/3/13,6.116438952,,3.3495
2023/3/14,6.116438952,,3.061
2023/3/15,5.974854717,737,3.131
2023/3/16,6.258023187,,3.132
2023/3/17,6.427924269,692,3.056
2023/3/18,6.258023187,695,2.811
2023/3/19,5.323567236,700,2.913
2023/3/20,4.389111285,706,2.32
2023/3/21,3.992675427,704,1.702
2023/3/22,3.822774345,700,1.449
2023/3/23,57.48319941,534,2.957
2023/3/24,86.93272029,304,4.848
2023/3/25,91.18024734,306,3.218
2023/3/26,47.28913449,326,4.866
2023/3/27,19.51030758,433,4.863
2023/3/28,13.47881917,495,4.483
2023/3/29,10.39228285,538,4.162
2023/3/30,8.353469865,567,3.922
2023/3/31,7.532281302,590,3.496
2023/4/1,17.98119785,,2.903
2023/4/2,16.5087218,458,2.702
2023/4/3,9.769312215,,3.104
2023/4/4,7.787132925,565,2.846
2023/4/5,6.937627515,599,2.408
2023/4/6,15.29109738,579,1.658
2023/4/7,11.86475889,,2.082
2023/4/8,7.673865537,,2.523
2023/4/9,6.144755799,,2.512
2023/4/10,5.153666154,,2.093
2023/4/11,4.559012367,618,1.978
2023/4/12,4.134259662,624,1.798
2023/4/13,3.794457498,630,1.594
2023/4/14,3.511289028,637,1.398
2023/4/15,3.256437405,646,1.317
2023/4/16,3.256437405,656,1.412
2023/4/17,3.086536323,,0.947
2023/4/18,2.860001547,,0.524
2023/4/19,2.568338023,690,0.408
2023/4/20,2.35596167,690,0.312
2023/4/21,2.302159661,694,0.199
2023/4/22,2.944952088,682,0.224
2023/4/23,3.029902629,689,0.204
2023/4/24,2.743902474,702,0.3
2023/4/25,2.392773572,,0.267
2023/4/26,2.237030913,,0.251
2023/4/27,2.101110047,,0.202
2023/4/28,2.378615148,,0.289
2023/4/29,3.143170017,,0.311
2023/4/30,4.672279755,,1.174
2023/5/1,6.965944362,,1.834
2023/5/2,17.21664298,617,
2023/5/3,26.78773726,515,
2023/5/4,21.7473385,488,
2023/5/5,10.50555024,544,
2023/5/6,6.937627515,588,
2023/5/7,5.323567236,619,
2023/5/8,4.445744979,637,
2023/5/9,3.766140651,647,
2023/5/10,3.143170017,658,
2023/5/11,2.749565844,,
2023/5/12,2.520199383,678,
2023/5/13,2.384278517,692,
2023/5/14,2.194555643,692,
2023/5/15,1.98217929,,
2023/5/16,1.914218857,674,
2023/5/17,1.914218857,664,
2023/5/18,1.78962473,656,
2023/5/19,1.682020712,689,
2023/5/20,3.992675427,568,
2023/5/21,3.482972181,479,
2023/5/22,2.574001392,580,
2023/5/23,2.047308038,590,
2023/5/24,1.806614839,588,
2023/5/25,1.611228594,655,
2023/5/26,1.489466152,691,
2023/5/27,1.401683927,703,
2023/5/28,1.393188872,707,
2023/5/29,1.353545287,709,
2023/5/30,1.294079908,717,
2023/5/31,1.234614529,720,
2023/6/1,1.160990727,717,
2023/6/2,1.110020402,716,
2023/6/3,1.076040186,714,
2023/6/4,1.039228285,710,
2023/6/5,0.996753014,714,
2023/6/6,0.996753014,725,
2023/6/7,1.022238177,726,
2023/6/8,0.971267852,732,
2023/6/9,0.934455951,736,
2023/6/10,0.900475735,739,
2023/6/11,1.384693818,721,
2023/6/12,14.07347296,411,
2023/6/13,8.976440499,376,
2023/6/14,18.3776337,404,
2023/6/15,23.19149769,,
2023/6/16,141.584235,,
2023/6/17,33.13071099,,
2023/6/18,13.64872025,,
2023/6/19,7.475647608,,
2023/6/20,4.81386399,,
2023/6/21,3.341387946,630,
2023/6/22,2.69293215,646,
2023/6/23,2.712753943,658,
2023/6/24,2.916635241,668,
2023/6/25,2.916635241,671,
2023/6/26,2.78920943,665,
2023/6/27,10.78871871,622,
2023/6/28,8.891489958,537,
2023/6/29,4.360794438,599,
2023/6/30,3.086536323,632,
2023/7/1,2.511704329,656,
2023/7/2,2.511704329,667,
2023/7/3,4.870497684,607,
2023/7/4,4.927131378,615,
2023/7/5,3.624556416,628,
2023/7/6,2.820357961,613,
2023/7/7,3.851091192,544,
2023/7/8,3.11485317,506,
2023/7/9,3.341387946,479,
2023/7/10,2.59665487,459,
2023/7/11,1.849090109,478,
2023/7/12,5.521785165,429,
2023/7/13,6.144755799,378,
2023/7/14,3.709506957,420,
2023/7/15,2.276674499,481,
2023/7/16,2.092614993,536,
2023/7/17,2.03031793,504,
2023/7/18,2.259684391,553,
2023/7/19,2.004832768,640,
2023/7/20,1.5545949,647,
2023/7/21,7.64554869,565,
2023/7/22,4.417428132,462,
2023/7/23,2.307823031,469,
2023/7/24,1.764139568,516,
2023/7/25,1.517782999,525,
2023/7/26,1.724495982,534,
2023/7/27,2.432417157,515,
2023/7/28,1.540436477,556,
2023/7/29,45.02378673,312,
2023/7/30,16.33882072,190,
2023/7/31,8.948123652,205,
2023/8/1,3.851091192,,
2023/8/2,2.367288409,511,
2023/8/3,1.766971253,544,
2023/8/4,1.461149305,569,
2023/8/5,1.268594746,610,
2023/8/6,1.149663988,451,
2023/8/7,1.158159042,,
2023/8/8,1.78962473,,
2023/8/9,1.829268316,,
2023/8/10,1.489466152,,
2023/8/11,1.376198764,,
2023/8/12,8.721588876,,
2023/8/13,19.68020867,424,
2023/8/14,8.749905723,410,
2023/8/15,5.09703246,463,
2023/8/16,5.040398766,527,
2023/8/17,3.794457498,574,
2023/8/18,2.511704329,579,
2023/8/19,1.7952881,591,
2023/8/20,1.478139413,604,
2023/8/21,1.268594746,610,
2023/8/22,1.110020402,605,
2023/8/23,1.186475889,606,
2023/8/24,248.0555797,185,
2023/8/25,134.2218548,264,
2023/8/26,39.07724886,347,
2023/8/27,16.93347451,420,
2023/8/28,8.693272029,489,
2023/8/29,5.408517777,547,
2023/8/30,3.766140651,583,
2023/8/31,2.916635241,610,
2023/9/1,2.316318085,628,
2023/9/2,1.98217929,642,
2023/9/3,1.741486091,634,
2023/9/4,1.639545441,,
2023/9/5,1.486634468,,
2023/9/6,1.631050387,,
2023/9/7,1.489466152,,
2023/9/8,1.866080217,,
2023/9/9,1.526278053,,
2023/9/10,1.421505719,,
2023/9/11,1.311070016,,
2023/9/12,1.22895116,,
2023/9/13,1.172317466,,
2023/9/14,1.124178826,,
2023/9/15,1.081703555,724,
2023/9/16,1.030733231,,
2023/9/17,0.982594591,,
2023/9/18,1.002416384,,
2023/9/19,0.991089645,,
2023/9/20,0.942951005,,
2023/9/21,0.982594591,,
2023/9/22,0.886317311,,
2023/9/23,0.852337095,775,
2023/9/24,0.835346987,784,
2023/9/25,0.832515302,,
2023/9/26,0.855168779,,
2023/9/27,0.863663834,,
2023/9/28,1.22895116,,
2023/9/29,1.220456106,721,
2023/9/30,1.112852087,726,
2023/10/1,0.99392133,744,
2023/10/2,0.959941113,745,
2023/10/3,0.917465843,749,
2023/10/4,0.889148996,752,
2023/10/5,0.863663834,756,
2023/10/6,1.008079753,753,
2023/10/7,0.900475735,732,
2023/10/8,0.971267852,745,
2023/10/9,0.982594591,761,
2023/10/10,0.928792582,764,
2023/10/11,0.874990572,773,
2023/10/12,0.860832149,789,
2023/10/13,0.855168779,791,
2023/10/14,2.721248997,637,
2023/10/15,2.755229213,626,
2023/10/16,2.667446987,672,
2023/10/17,2.455070635,669,
2023/10/18,2.041644669,670,
2023/10/19,1.594238486,677,
2023/10/20,1.571585009,694,
2023/10/21,1.574416693,690,
2023/10/22,2.07845657,681,
2023/10/23,2.729744051,681,
2023/10/24,2.276674499,694,
2023/10/25,1.713169244,683,
2023/10/26,1.390357188,694,
2023/10/27,1.209129367,717,
2023/10/28,1.192139259,722,
2023/10/29,3.624556416,631,
2023/10/30,15.31941423,534,
2023/10/31,12.96911593,503,
2023/11/1,5.94653787,535,
2023/11/2,3.369704793,562,
2023/11/3,2.398436941,586,
2023/11/4,1.976515921,607,
2023/11/5,1.716000928,628,
2023/11/6,1.534773107,640,
2023/11/7,1.452654251,660,
2023/11/8,1.359208656,685,
2023/11/9,1.299743277,,
2023/11/10,1.251604637,716,
2023/11/11,1.192139259,729,
2023/11/12,1.158159042,749,
2023/11/13,1.127010511,772,
2023/11/14,1.163822412,789,
2023/11/15,1.611228594,827,
2023/11/16,1.568753324,859,
2023/11/17,2.389941887,,
2023/11/18,4.020992274,685,
2023/11/19,4.53069552,730,
2023/11/20,3.143170017,792,
2023/11/21,3.256437405,796,
2023/11/22,7.985350854,729,
2023/11/23,7.532281302,568,
2023/11/24,4.389111285,589,
2023/11/25,3.143170017,461,
2023/11/26,2.809031222,395,
2023/11/27,3.058219476,479,
2023/11/28,3.171486864,585,
2023/11/29,3.029902629,529,
2023/11/30,2.780714375,,
2023/12/1,2.715585627,,
2023/12/2,3.936041733,592,
2023/12/3,5.323567236,,
2023/12/4,4.502378673,,
2023/12/5,,,
2023/12/6,3.567922722,,
2023/12/7,,,
2023/12/8,3.086536323,691,
2023/12/9,3.199803711,687,
2023/12/10,39.6435858,462,
2023/12/11,21.37921949,,
2023/12/12,,,
2023/12/13,6.116438952,591,
2023/12/14,,,
2023/12/15,,,
2023/12/16,3.511289028,683,
2023/12/17,4.672279755,683,
2023/12/18,12.91248223,640,
2023/12/19,10.27901546,624,
2023/12/20,,,
2023/12/21,5.94653787,640,
2023/12/22,6.088122105,653,
2023/12/23,7.419013914,667,
2023/12/24,12.09129367,629,
2023/12/25,8.976440499,,
2023/12/26,7.249112832,643,
2023/12/27,31.71486864,552,
2023/12/28,,,
2023/12/29,21.29426894,505,
2023/12/30,11.94970943,566,
2023/12/31,,,
2024/1/1,10.10911438,621,
2024/1/2,10.59050078,636,
2024/1/3,9.34455951,642,
2024/1/4,6.937627515,655,
